Document Code,Meeting Code,会议类型,Expense Code,费用类型,Issue Code,问题类型,SOP描述,标准处理方法,"向员工展示的问题描述（合并问题描述和处理方法）"
MN010101,01,学术论坛,01,会议讲课费,01,非讲者库讲者,根据SOP规定，报销讲课费的讲者必须是讲者库中的讲者，且不能在会议结束后特批补入库,不符合要求不予支付讲课费,根据SOP规定，报销讲课费的讲者必须是讲者库中的讲者，且不能在会议结束后特批补入库不符合要求不予支付讲课费
MN010102,01,学术论坛,01,会议讲课费,02,业务约定书不完整,根据SOP规定，业务约定书需完整正确的填写，并由HCP签字后将完整原件邮寄至我司,请提供,根据SOP规定，业务约定书需完整正确的填写，并由HCP签字后将完整原件邮寄至我司请提供
MN010103,01,学术论坛,01,会议讲课费,03,讲者人数超标,根据SOP规定，支付讲课费的人数不应超过外部参会总人数的20%,请确认，并告知需扣除讲课费的HCP姓名,根据SOP规定，支付讲课费的人数不应超过外部参会总人数的20%请确认，并告知需扣除讲课费的HCP姓名
MN010104,01,学术论坛,01,会议讲课费,04,主席和点评嘉宾人数超标,根据SOP规定，支付讲课费的主席和点评专家的总数不得超过讲者总数,请确认，并告知需扣除讲课费的HCP姓名,根据SOP规定，支付讲课费的主席和点评专家的总数不得超过讲者总数请确认，并告知需扣除讲课费的HCP姓名
MN010105,01,学术论坛,01,会议讲课费,05,讲者未全程参会,根据SOP规定，支付讲课费的专家需全程参会，并签到,请补充提供签到，不符合要求不予支付讲课费,根据SOP规定，支付讲课费的专家需全程参会，并签到请补充提供签到，不符合要求不予支付讲课费
MN010106,01,学术论坛,01,会议讲课费,06,演讲时长不达标,根据SOP规定，学术论坛讲者讲课时间（包括手术演示、讨论问答）需≥20分钟,不符合要求不予支付讲课费,根据SOP规定，学术论坛讲者讲课时间（包括手术演示、讨论问答）需≥20分钟不符合要求不予支付讲课费
MN010107,01,学术论坛,01,会议讲课费,07,点评时长不达标,根据SOP规定，学术论坛点评专家限全国级和区域级HCP，且点评时长累计需≥10分钟，,不符合要求不予支付讲课费,根据SOP规定，学术论坛点评专家限全国级和区域级HCP，且点评时长累计需≥10分钟，不符合要求不予支付讲课费
MN010108,01,学术论坛,01,会议讲课费,08,点评专家讲课费标准,根据SOP规定，学术论坛点评专家的讲课费支付标准为80%*职级标准,将为您扣除差额,根据SOP规定，学术论坛点评专家的讲课费支付标准为80%*职级标准将为您扣除差额
MN010109,01,学术论坛,01,会议讲课费,09,主席参会时长,"根据SOP规定，学术论坛主席限全国级和区域级HCP中主任医师、副主任医师,且原则上应全程参加活动并致辞发言，",不符合要求不予支付讲课费,"根据SOP规定，学术论坛主席限全国级和区域级HCP中主任医师、副主任医师,且原则上应全程参加活动并致辞发言，不符合要求不予支付讲课费"
MN010151,01,学术论坛,01,会议讲课费,51,会议权限_学术论坛,根据SOP规定，学术论坛可举办的组织者岗位为地区业务销售经理及以上、市场、医学、临床运营、市场准入和商务，您无权限举办此类型会议,请提供逐级审批至部门负责人的授权邮件并抄送合规,根据SOP规定，学术论坛可举办的组织者岗位为地区业务销售经理及以上、市场、医学、临床运营、市场准入和商务，您无权限举办此类型会议请提供逐级审批至部门负责人的授权邮件并抄送合规
MN010152,01,学术论坛,01,会议讲课费,52,会议议程_变更,学会活动变更会议时间、会议地点需提供企业微信变更流程或变更审批邮件,请提供,学会活动变更会议时间、会议地点需提供企业微信变更流程或变更审批邮件请提供
MN010153,01,学术论坛,01,会议讲课费,53,会议议程_不一致,会议议程内容与系统填报的实际会议情况不一致,请确认并提供更新的会议议程,会议议程内容与系统填报的实际会议情况不一致请确认并提供更新的会议议程
MN010154,01,学术论坛,01,会议讲课费,54,会议议程_不完整,会议议程需包含会议日期、会议开展时间、会议地点、会议内容、演讲主题和演讲人,请补充提供,会议议程需包含会议日期、会议开展时间、会议地点、会议内容、演讲主题和演讲人请补充提供
MN010155,01,学术论坛,01,会议讲课费,55,会议议程_时长不足,根据SOP规定，学术论坛会议时长需≥ 半天（2-4H）,请确认,根据SOP规定，学术论坛会议时长需≥ 半天（2-4H）请确认
MN010156,01,学术论坛,01,会议讲课费,56,会议地点_不得跨区,根据SOP规定，原则上若全部参会人来自同一城市，学术活动地点不应跨行政区域，特殊情况需得到上级直属领导事前审批,请提供,根据SOP规定，原则上若全部参会人来自同一城市，学术活动地点不应跨行政区域，特殊情况需得到上级直属领导事前审批请提供
MN010157,01,学术论坛,01,会议讲课费,57,会议地点_禁止景区,根据SOP规定，禁止在景区名胜或铺张奢侈的地点举办或参加会议,不符合要求不予报销,根据SOP规定，禁止在景区名胜或铺张奢侈的地点举办或参加会议不符合要求不予报销
MN010158,01,学术论坛,01,会议讲课费,58,会议地点_禁止场所,根据SOP规定，禁止在水疗会所、温泉、度假、滑雪、高尔夫、赌博、邮轮、洗浴中心、KTV娱乐及以以上为主业的场所举办学术活动或进行业务招待活动,不符合要求不予报销,根据SOP规定，禁止在水疗会所、温泉、度假、滑雪、高尔夫、赌博、邮轮、洗浴中心、KTV娱乐及以以上为主业的场所举办学术活动或进行业务招待活动不符合要求不予报销
MN010159,01,学术论坛,01,会议讲课费,59,会议签到_系统人数不一致,系统实际内外部参会人数与签到表不一致,请确认实际内外部参会人数，并解释说明,系统实际内外部参会人数与签到表不一致请确认实际内外部参会人数，并解释说明
MN010160,01,学术论坛,01,会议讲课费,60,会议签到_整场未电子签到,根据SOP规定，整场会议未使用电子签到单需提供逐级审批至部门负责人的审批邮件,请提供,根据SOP规定，整场会议未使用电子签到单需提供逐级审批至部门负责人的审批邮件请提供
MN010161,01,学术论坛,01,会议讲课费,61,会议签到_缺线下签到原件,根据SOP规定，线下签到单原件需邮寄至我司,请将原件邮寄至我司，邮寄后提供快递单号,根据SOP规定，线下签到单原件需邮寄至我司请将原件邮寄至我司，邮寄后提供快递单号
MN010162,01,学术论坛,01,会议讲课费,62,会议签到_线下签到缺审批,根据SOP规定，线下签到表下方的“负责与会医疗专业人士的内部员工签字（确认以上签字及备注属实）”和“直线经理签字（确认以上签字及代表说明复核公司要求）”需相应负责人签字,将为您寄回线下签到表，请补充签字后原件寄回我司,根据SOP规定，线下签到表下方的“负责与会医疗专业人士的内部员工签字（确认以上签字及备注属实）”和“直线经理签字（确认以上签字及代表说明复核公司要求）”需相应负责人签字将为您寄回线下签到表，请补充签字后原件寄回我司
MN010163,01,学术论坛,01,会议讲课费,63,会议照片_缺水印,根据SOP规定，会议照片需使用水印相机拍摄活动现场照片，并注明活动时间、活动地点、活动主题,请补充提供，如不符合要求将不予报销,根据SOP规定，会议照片需使用水印相机拍摄活动现场照片，并注明活动时间、活动地点、活动主题请补充提供，如不符合要求将不予报销
MN010164,01,学术论坛,01,会议讲课费,64,会议照片_缺会议主题,根据SOP规定，会议照片需体现并反映会议主题（如PPT标题、横幅、易拉宝等），且照片中的会议主题需清洗,请补充提供，如不符合要求将不予报销,根据SOP规定，会议照片需体现并反映会议主题（如PPT标题、横幅、易拉宝等），且照片中的会议主题需清洗请补充提供，如不符合要求将不予报销
MN010165,01,学术论坛,01,会议讲课费,65,会议照片_缺付费讲者,根据SOP规定，付费讲者需提供正面清晰演讲照片，照片应体现付费讲者和一张会议幻灯稿同框的场景，要求可识别付费讲者并能体现所参加会议,请补充提供，如不符合要求将不予报销,根据SOP规定，付费讲者需提供正面清晰演讲照片，照片应体现付费讲者和一张会议幻灯稿同框的场景，要求可识别付费讲者并能体现所参加会议请补充提供，如不符合要求将不予报销
MN010166,01,学术论坛,01,会议讲课费,66,会议照片_水印与议程不一致,根据SOP规定，会议照片水印所反映拍摄时间与会议议程相一致,请补充提供，如不符合要求将不予报销,根据SOP规定，会议照片水印所反映拍摄时间与会议议程相一致请补充提供，如不符合要求将不予报销
MN010167,01,学术论坛,01,会议讲课费,67,会议照片_人数标准不符,根据SOP规定，学术论坛会议照片需显示50%及以上参会人员（内+外）,请补充提供，如不符合要求将不予报销,根据SOP规定，学术论坛会议照片需显示50%及以上参会人员（内+外）请补充提供，如不符合要求将不予报销
MN010168,01,学术论坛,01,会议讲课费,68,会议人数_内部人数不符,根据SOP规定，学术论坛内部参会者不可少于2人（包含会议组织者）,请确认实际内部参会人数,根据SOP规定，学术论坛内部参会者不可少于2人（包含会议组织者）请确认实际内部参会人数
MN010169,01,学术论坛,01,会议讲课费,69,会议人数_外部人数不符,根据SOP规定，学术论坛外部外部参会者可以跨城市、跨医院、跨科室的HCP共同参与，外部参会人数不少于5人,请确认实际外部参会人数,根据SOP规定，学术论坛外部外部参会者可以跨城市、跨医院、跨科室的HCP共同参与，外部参会人数不少于5人请确认实际外部参会人数
MN010170,01,学术论坛,01,会议讲课费,70,报销范围_时效,根据SOP规定，原则上公司仅承担学术活动会议议程前后24小时内所产生的相关费用，例外事项需提供部门负责人及合规审计总监的共同批准,如需报销请提供特批,根据SOP规定，原则上公司仅承担学术活动会议议程前后24小时内所产生的相关费用，例外事项需提供部门负责人及合规审计总监的共同批准如需报销请提供特批
MN010171,01,学术论坛,01,会议讲课费,71,报销范围_费用,根据SOP规定，学术论坛可报销费用有讲课费、餐饮、住宿费、场租和交通费,额外费用不予报销已为您扣除,根据SOP规定，学术论坛可报销费用有讲课费、餐饮、住宿费、场租和交通费额外费用不予报销已为您扣除
MN010201,01,学术论坛,02,会议餐费,01,缺餐厅门头照,根据SOP规定，会议餐费需提供餐厅门头照,请提供,根据SOP规定，会议餐费需提供餐厅门头照请提供
MN010202,01,学术论坛,02,会议餐费,02,餐费与会议时间不相连,根据SOP规定，会议餐费用餐时间应与会议时间相连，且与正常午餐或晚餐时间相近,请解释说明,根据SOP规定，会议餐费用餐时间应与会议时间相连，且与正常午餐或晚餐时间相近请解释说明
MN010203,01,学术论坛,02,会议餐费,03,会议餐费超人均,根据SOP规定，会议餐费，不应超过人均 300 元。如有超过上述标准的特殊情况，需获得部门负责人的审批,请提供,根据SOP规定，会议餐费，不应超过人均 300 元。如有超过上述标准的特殊情况，需获得部门负责人的审批请提供
MN010204,01,学术论坛,02,会议餐费,04,缺少水单,根据SOP规定，会议餐费≥300元，需提供水单明细,请将水单原件邮寄至我司，并将水单照片或扫描件补充上传至评论区,根据SOP规定，会议餐费≥300元，需提供水单明细请将水单原件邮寄至我司，并将水单照片或扫描件补充上传至评论区
MN010205,01,学术论坛,02,会议餐费,05,个人卡支付,根据SOP规定，个人银行卡支付超过300元，需提供付款记录及带有持卡人姓名的个人卡照片或银行对账单,请提供,根据SOP规定，个人银行卡支付超过300元，需提供付款记录及带有持卡人姓名的个人卡照片或银行对账单请提供
MN010206,01,学术论坛,02,会议餐费,06,现金支付,"“微信零钱”、""支付宝花呗”及“京东白条”支付，系统付款类型应选择“现金”非“个人卡”，需驳回修改",已为您系统驳回，请重新提交完成业务审批流程后@通知审核员,"“微信零钱”、""支付宝花呗”及“京东白条”支付，系统付款类型应选择“现金”非“个人卡”，需驳回修改已为您系统驳回，请重新提交完成业务审批流程后@通知审核员"
MN010251,01,学术论坛,02,会议餐费,51,会议权限_学术论坛,根据SOP规定，学术论坛可举办的组织者岗位为地区业务销售经理及以上、市场、医学、临床运营、市场准入和商务，您无权限举办此类型会议,请提供逐级审批至部门负责人的授权邮件并抄送合规,根据SOP规定，学术论坛可举办的组织者岗位为地区业务销售经理及以上、市场、医学、临床运营、市场准入和商务，您无权限举办此类型会议请提供逐级审批至部门负责人的授权邮件并抄送合规
MN010252,01,学术论坛,02,会议餐费,52,会议议程_变更,学会活动变更会议时间、会议地点需提供企业微信变更流程或变更审批邮件,请提供,学会活动变更会议时间、会议地点需提供企业微信变更流程或变更审批邮件请提供
MN010253,01,学术论坛,02,会议餐费,53,会议议程_不一致,会议议程内容与系统填报的实际会议情况不一致,请确认并提供更新的会议议程,会议议程内容与系统填报的实际会议情况不一致请确认并提供更新的会议议程
MN010254,01,学术论坛,02,会议餐费,54,会议议程_不完整,会议议程需包含会议日期、会议开展时间、会议地点、会议内容、演讲主题和演讲人,请补充提供,会议议程需包含会议日期、会议开展时间、会议地点、会议内容、演讲主题和演讲人请补充提供
MN010255,01,学术论坛,02,会议餐费,55,会议议程_时长不足,根据SOP规定，学术论坛会议时长需≥ 半天（2-4H）,请确认,根据SOP规定，学术论坛会议时长需≥ 半天（2-4H）请确认
MN010256,01,学术论坛,02,会议餐费,56,会议地点_不得跨区,根据SOP规定，原则上若全部参会人来自同一城市，学术活动地点不应跨行政区域，特殊情况需得到上级直属领导事前审批,请提供,根据SOP规定，原则上若全部参会人来自同一城市，学术活动地点不应跨行政区域，特殊情况需得到上级直属领导事前审批请提供
MN010257,01,学术论坛,02,会议餐费,57,会议地点_禁止景区,根据SOP规定，禁止在景区名胜或铺张奢侈的地点举办或参加会议,不符合要求不予报销,根据SOP规定，禁止在景区名胜或铺张奢侈的地点举办或参加会议不符合要求不予报销
MN010258,01,学术论坛,02,会议餐费,58,会议地点_禁止场所,根据SOP规定，禁止在水疗会所、温泉、度假、滑雪、高尔夫、赌博、邮轮、洗浴中心、KTV娱乐及以以上为主业的场所举办学术活动或进行业务招待活动,不符合要求不予报销,根据SOP规定，禁止在水疗会所、温泉、度假、滑雪、高尔夫、赌博、邮轮、洗浴中心、KTV娱乐及以以上为主业的场所举办学术活动或进行业务招待活动不符合要求不予报销
MN010259,01,学术论坛,02,会议餐费,59,会议签到_系统人数不一致,系统实际内外部参会人数与签到表不一致,请确认实际内外部参会人数，并解释说明,系统实际内外部参会人数与签到表不一致请确认实际内外部参会人数，并解释说明
MN010260,01,学术论坛,02,会议餐费,60,会议签到_整场未电子签到,根据SOP规定，整场会议未使用电子签到单需提供逐级审批至部门负责人的审批邮件,请提供,根据SOP规定，整场会议未使用电子签到单需提供逐级审批至部门负责人的审批邮件请提供
MN010261,01,学术论坛,02,会议餐费,61,会议签到_缺线下签到原件,根据SOP规定，线下签到单原件需邮寄至我司,请将原件邮寄至我司，邮寄后提供快递单号,根据SOP规定，线下签到单原件需邮寄至我司请将原件邮寄至我司，邮寄后提供快递单号
MN010262,01,学术论坛,02,会议餐费,62,会议签到_线下签到缺审批,根据SOP规定，线下签到表下方的“负责与会医疗专业人士的内部员工签字（确认以上签字及备注属实）”和“直线经理签字（确认以上签字及代表说明复核公司要求）”需相应负责人签字,将为您寄回线下签到表，请补充签字后原件寄回我司,根据SOP规定，线下签到表下方的“负责与会医疗专业人士的内部员工签字（确认以上签字及备注属实）”和“直线经理签字（确认以上签字及代表说明复核公司要求）”需相应负责人签字将为您寄回线下签到表，请补充签字后原件寄回我司
MN010263,01,学术论坛,02,会议餐费,63,会议照片_缺水印,根据SOP规定，会议照片需使用水印相机拍摄活动现场照片，并注明活动时间、活动地点、活动主题,请补充提供，如不符合要求将不予报销,根据SOP规定，会议照片需使用水印相机拍摄活动现场照片，并注明活动时间、活动地点、活动主题请补充提供，如不符合要求将不予报销
MN010264,01,学术论坛,02,会议餐费,64,会议照片_缺会议主题,根据SOP规定，会议照片需体现并反映会议主题（如PPT标题、横幅、易拉宝等），且照片中的会议主题需清洗,请补充提供，如不符合要求将不予报销,根据SOP规定，会议照片需体现并反映会议主题（如PPT标题、横幅、易拉宝等），且照片中的会议主题需清洗请补充提供，如不符合要求将不予报销
MN010265,01,学术论坛,02,会议餐费,65,会议照片_缺付费讲者,根据SOP规定，付费讲者需提供正面清晰演讲照片，照片应体现付费讲者和一张会议幻灯稿同框的场景，要求可识别付费讲者并能体现所参加会议,请补充提供，如不符合要求将不予报销,根据SOP规定，付费讲者需提供正面清晰演讲照片，照片应体现付费讲者和一张会议幻灯稿同框的场景，要求可识别付费讲者并能体现所参加会议请补充提供，如不符合要求将不予报销
MN010266,01,学术论坛,02,会议餐费,66,会议照片_水印与议程不一致,根据SOP规定，会议照片水印所反映拍摄时间与会议议程相一致,请补充提供，如不符合要求将不予报销,根据SOP规定，会议照片水印所反映拍摄时间与会议议程相一致请补充提供，如不符合要求将不予报销
MN010267,01,学术论坛,02,会议餐费,67,会议照片_人数标准不符,根据SOP规定，学术论坛会议照片需显示50%及以上参会人员（内+外）,请补充提供，如不符合要求将不予报销,根据SOP规定，学术论坛会议照片需显示50%及以上参会人员（内+外）请补充提供，如不符合要求将不予报销
MN010268,01,学术论坛,02,会议餐费,68,会议人数_内部人数不符,根据SOP规定，学术论坛内部参会者不可少于2人（包含会议组织者）,请确认实际内部参会人数,根据SOP规定，学术论坛内部参会者不可少于2人（包含会议组织者）请确认实际内部参会人数
MN010269,01,学术论坛,02,会议餐费,69,会议人数_外部人数不符,根据SOP规定，学术论坛外部外部参会者可以跨城市、跨医院、跨科室的HCP共同参与，外部参会人数不少于5人,请确认实际外部参会人数,根据SOP规定，学术论坛外部外部参会者可以跨城市、跨医院、跨科室的HCP共同参与，外部参会人数不少于5人请确认实际外部参会人数
MN010270,01,学术论坛,02,会议餐费,70,报销范围_时效,根据SOP规定，原则上公司仅承担学术活动会议议程前后24小时内所产生的相关费用，例外事项需提供部门负责人及合规审计总监的共同批准,如需报销请提供特批,根据SOP规定，原则上公司仅承担学术活动会议议程前后24小时内所产生的相关费用，例外事项需提供部门负责人及合规审计总监的共同批准如需报销请提供特批
MN010271,01,学术论坛,02,会议餐费,71,报销范围_费用,根据SOP规定，学术论坛可报销费用有讲课费、餐饮、住宿费、场租和交通费,额外费用不予报销已为您扣除,根据SOP规定，学术论坛可报销费用有讲课费、餐饮、住宿费、场租和交通费额外费用不予报销已为您扣除
MN010301,01,学术论坛,03,会议交通费,01,HCP飞机标准,根据SOP规定，HCP乘坐飞机，需选择经济舱，单程飞行时间超出8小时可提供商务舱。高于上述标准的交通需事前经业务部负责人、合规审计部负责人及 CEO书面批准。,请提供,根据SOP规定，HCP乘坐飞机，需选择经济舱，单程飞行时间超出8小时可提供商务舱。高于上述标准的交通需事前经业务部负责人、合规审计部负责人及 CEO书面批准。请提供
MN010351,01,学术论坛,03,会议交通费,51,会议权限_学术论坛,根据SOP规定，学术论坛可举办的组织者岗位为地区业务销售经理及以上、市场、医学、临床运营、市场准入和商务，您无权限举办此类型会议,请提供逐级审批至部门负责人的授权邮件并抄送合规,根据SOP规定，学术论坛可举办的组织者岗位为地区业务销售经理及以上、市场、医学、临床运营、市场准入和商务，您无权限举办此类型会议请提供逐级审批至部门负责人的授权邮件并抄送合规
MN010352,01,学术论坛,03,会议交通费,52,会议议程_变更,学会活动变更会议时间、会议地点需提供企业微信变更流程或变更审批邮件,请提供,学会活动变更会议时间、会议地点需提供企业微信变更流程或变更审批邮件请提供
MN010353,01,学术论坛,03,会议交通费,53,会议议程_不一致,会议议程内容与系统填报的实际会议情况不一致,请确认并提供更新的会议议程,会议议程内容与系统填报的实际会议情况不一致请确认并提供更新的会议议程
MN010354,01,学术论坛,03,会议交通费,54,会议议程_不完整,会议议程需包含会议日期、会议开展时间、会议地点、会议内容、演讲主题和演讲人,请补充提供,会议议程需包含会议日期、会议开展时间、会议地点、会议内容、演讲主题和演讲人请补充提供
MN010355,01,学术论坛,03,会议交通费,55,会议议程_时长不足,根据SOP规定，学术论坛会议时长需≥ 半天（2-4H）,请确认,根据SOP规定，学术论坛会议时长需≥ 半天（2-4H）请确认
MN010356,01,学术论坛,03,会议交通费,56,会议地点_不得跨区,根据SOP规定，原则上若全部参会人来自同一城市，学术活动地点不应跨行政区域，特殊情况需得到上级直属领导事前审批,请提供,根据SOP规定，原则上若全部参会人来自同一城市，学术活动地点不应跨行政区域，特殊情况需得到上级直属领导事前审批请提供
MN010357,01,学术论坛,03,会议交通费,57,会议地点_禁止景区,根据SOP规定，禁止在景区名胜或铺张奢侈的地点举办或参加会议,不符合要求不予报销,根据SOP规定，禁止在景区名胜或铺张奢侈的地点举办或参加会议不符合要求不予报销
MN010358,01,学术论坛,03,会议交通费,58,会议地点_禁止场所,根据SOP规定，禁止在水疗会所、温泉、度假、滑雪、高尔夫、赌博、邮轮、洗浴中心、KTV娱乐及以以上为主业的场所举办学术活动或进行业务招待活动,不符合要求不予报销,根据SOP规定，禁止在水疗会所、温泉、度假、滑雪、高尔夫、赌博、邮轮、洗浴中心、KTV娱乐及以以上为主业的场所举办学术活动或进行业务招待活动不符合要求不予报销
MN010359,01,学术论坛,03,会议交通费,59,会议签到_系统人数不一致,系统实际内外部参会人数与签到表不一致,请确认实际内外部参会人数，并解释说明,系统实际内外部参会人数与签到表不一致请确认实际内外部参会人数，并解释说明
MN010360,01,学术论坛,03,会议交通费,60,会议签到_整场未电子签到,根据SOP规定，整场会议未使用电子签到单需提供逐级审批至部门负责人的审批邮件,请提供,根据SOP规定，整场会议未使用电子签到单需提供逐级审批至部门负责人的审批邮件请提供
MN010361,01,学术论坛,03,会议交通费,61,会议签到_缺线下签到原件,根据SOP规定，线下签到单原件需邮寄至我司,请将原件邮寄至我司，邮寄后提供快递单号,根据SOP规定，线下签到单原件需邮寄至我司请将原件邮寄至我司，邮寄后提供快递单号
MN010362,01,学术论坛,03,会议交通费,62,会议签到_线下签到缺审批,根据SOP规定，线下签到表下方的“负责与会医疗专业人士的内部员工签字（确认以上签字及备注属实）”和“直线经理签字（确认以上签字及代表说明复核公司要求）”需相应负责人签字,将为您寄回线下签到表，请补充签字后原件寄回我司,根据SOP规定，线下签到表下方的“负责与会医疗专业人士的内部员工签字（确认以上签字及备注属实）”和“直线经理签字（确认以上签字及代表说明复核公司要求）”需相应负责人签字将为您寄回线下签到表，请补充签字后原件寄回我司
MN010363,01,学术论坛,03,会议交通费,63,会议照片_缺水印,根据SOP规定，会议照片需使用水印相机拍摄活动现场照片，并注明活动时间、活动地点、活动主题,请补充提供，如不符合要求将不予报销,根据SOP规定，会议照片需使用水印相机拍摄活动现场照片，并注明活动时间、活动地点、活动主题请补充提供，如不符合要求将不予报销
MN010364,01,学术论坛,03,会议交通费,64,会议照片_缺会议主题,根据SOP规定，会议照片需体现并反映会议主题（如PPT标题、横幅、易拉宝等），且照片中的会议主题需清洗,请补充提供，如不符合要求将不予报销,根据SOP规定，会议照片需体现并反映会议主题（如PPT标题、横幅、易拉宝等），且照片中的会议主题需清洗请补充提供，如不符合要求将不予报销
MN010365,01,学术论坛,03,会议交通费,65,会议照片_缺付费讲者,根据SOP规定，付费讲者需提供正面清晰演讲照片，照片应体现付费讲者和一张会议幻灯稿同框的场景，要求可识别付费讲者并能体现所参加会议,请补充提供，如不符合要求将不予报销,根据SOP规定，付费讲者需提供正面清晰演讲照片，照片应体现付费讲者和一张会议幻灯稿同框的场景，要求可识别付费讲者并能体现所参加会议请补充提供，如不符合要求将不予报销
MN010366,01,学术论坛,03,会议交通费,66,会议照片_水印与议程不一致,根据SOP规定，会议照片水印所反映拍摄时间与会议议程相一致,请补充提供，如不符合要求将不予报销,根据SOP规定，会议照片水印所反映拍摄时间与会议议程相一致请补充提供，如不符合要求将不予报销
MN010367,01,学术论坛,03,会议交通费,67,会议照片_人数标准不符,根据SOP规定，学术论坛会议照片需显示50%及以上参会人员（内+外）,请补充提供，如不符合要求将不予报销,根据SOP规定，学术论坛会议照片需显示50%及以上参会人员（内+外）请补充提供，如不符合要求将不予报销
MN010368,01,学术论坛,03,会议交通费,68,会议人数_内部人数不符,根据SOP规定，学术论坛内部参会者不可少于2人（包含会议组织者）,请确认实际内部参会人数,根据SOP规定，学术论坛内部参会者不可少于2人（包含会议组织者）请确认实际内部参会人数
MN010369,01,学术论坛,03,会议交通费,69,会议人数_外部人数不符,根据SOP规定，学术论坛外部外部参会者可以跨城市、跨医院、跨科室的HCP共同参与，外部参会人数不少于5人,请确认实际外部参会人数,根据SOP规定，学术论坛外部外部参会者可以跨城市、跨医院、跨科室的HCP共同参与，外部参会人数不少于5人请确认实际外部参会人数
MN010370,01,学术论坛,03,会议交通费,70,报销范围_时效,根据SOP规定，原则上公司仅承担学术活动会议议程前后24小时内所产生的相关费用，例外事项需提供部门负责人及合规审计总监的共同批准,如需报销请提供特批,根据SOP规定，原则上公司仅承担学术活动会议议程前后24小时内所产生的相关费用，例外事项需提供部门负责人及合规审计总监的共同批准如需报销请提供特批
MN010371,01,学术论坛,03,会议交通费,71,报销范围_费用,根据SOP规定，学术论坛可报销费用有讲课费、餐饮、住宿费、场租和交通费,额外费用不予报销已为您扣除,根据SOP规定，学术论坛可报销费用有讲课费、餐饮、住宿费、场租和交通费额外费用不予报销已为您扣除
MN010401,01,学术论坛,04,会议租车费,01,会议租车明细,根据SOP规定，租车费用，提供详细行程单，包含：日期、接送人具体时间、客人姓名/电话、行程起点详细地址、送达详细地址、车型、金额等信息,请补充提供,根据SOP规定，租车费用，提供详细行程单，包含：日期、接送人具体时间、客人姓名/电话、行程起点详细地址、送达详细地址、车型、金额等信息请补充提供
MN010402,01,学术论坛,04,会议租车费,02,个人卡支付,根据SOP规定，个人银行卡支付超过300元，需提供付款记录及带有持卡人姓名的个人卡照片或银行对账单,请提供,根据SOP规定，个人银行卡支付超过300元，需提供付款记录及带有持卡人姓名的个人卡照片或银行对账单请提供
MN010403,01,学术论坛,04,会议租车费,03,现金支付,"“微信零钱”、""支付宝花呗”及“京东白条”支付，系统付款类型应选择“现金”非“个人卡”，需驳回修改",已为您系统驳回，请重新提交完成业务审批流程后@通知审核员,"“微信零钱”、""支付宝花呗”及“京东白条”支付，系统付款类型应选择“现金”非“个人卡”，需驳回修改已为您系统驳回，请重新提交完成业务审批流程后@通知审核员"
MN010451,01,学术论坛,04,会议租车费,51,会议权限_学术论坛,根据SOP规定，学术论坛可举办的组织者岗位为地区业务销售经理及以上、市场、医学、临床运营、市场准入和商务，您无权限举办此类型会议,请提供逐级审批至部门负责人的授权邮件并抄送合规,根据SOP规定，学术论坛可举办的组织者岗位为地区业务销售经理及以上、市场、医学、临床运营、市场准入和商务，您无权限举办此类型会议请提供逐级审批至部门负责人的授权邮件并抄送合规
MN010452,01,学术论坛,04,会议租车费,52,会议议程_变更,学会活动变更会议时间、会议地点需提供企业微信变更流程或变更审批邮件,请提供,学会活动变更会议时间、会议地点需提供企业微信变更流程或变更审批邮件请提供
MN010453,01,学术论坛,04,会议租车费,53,会议议程_不一致,会议议程内容与系统填报的实际会议情况不一致,请确认并提供更新的会议议程,会议议程内容与系统填报的实际会议情况不一致请确认并提供更新的会议议程
MN010454,01,学术论坛,04,会议租车费,54,会议议程_不完整,会议议程需包含会议日期、会议开展时间、会议地点、会议内容、演讲主题和演讲人,请补充提供,会议议程需包含会议日期、会议开展时间、会议地点、会议内容、演讲主题和演讲人请补充提供
MN010455,01,学术论坛,04,会议租车费,55,会议议程_时长不足,根据SOP规定，学术论坛会议时长需≥ 半天（2-4H）,请确认,根据SOP规定，学术论坛会议时长需≥ 半天（2-4H）请确认
MN010456,01,学术论坛,04,会议租车费,56,会议地点_不得跨区,根据SOP规定，原则上若全部参会人来自同一城市，学术活动地点不应跨行政区域，特殊情况需得到上级直属领导事前审批,请提供,根据SOP规定，原则上若全部参会人来自同一城市，学术活动地点不应跨行政区域，特殊情况需得到上级直属领导事前审批请提供
MN010457,01,学术论坛,04,会议租车费,57,会议地点_禁止景区,根据SOP规定，禁止在景区名胜或铺张奢侈的地点举办或参加会议,不符合要求不予报销,根据SOP规定，禁止在景区名胜或铺张奢侈的地点举办或参加会议不符合要求不予报销
MN010458,01,学术论坛,04,会议租车费,58,会议地点_禁止场所,根据SOP规定，禁止在水疗会所、温泉、度假、滑雪、高尔夫、赌博、邮轮、洗浴中心、KTV娱乐及以以上为主业的场所举办学术活动或进行业务招待活动,不符合要求不予报销,根据SOP规定，禁止在水疗会所、温泉、度假、滑雪、高尔夫、赌博、邮轮、洗浴中心、KTV娱乐及以以上为主业的场所举办学术活动或进行业务招待活动不符合要求不予报销
MN010459,01,学术论坛,04,会议租车费,59,会议签到_系统人数不一致,系统实际内外部参会人数与签到表不一致,请确认实际内外部参会人数，并解释说明,系统实际内外部参会人数与签到表不一致请确认实际内外部参会人数，并解释说明
MN010460,01,学术论坛,04,会议租车费,60,会议签到_整场未电子签到,根据SOP规定，整场会议未使用电子签到单需提供逐级审批至部门负责人的审批邮件,请提供,根据SOP规定，整场会议未使用电子签到单需提供逐级审批至部门负责人的审批邮件请提供
MN010461,01,学术论坛,04,会议租车费,61,会议签到_缺线下签到原件,根据SOP规定，线下签到单原件需邮寄至我司,请将原件邮寄至我司，邮寄后提供快递单号,根据SOP规定，线下签到单原件需邮寄至我司请将原件邮寄至我司，邮寄后提供快递单号
MN010462,01,学术论坛,04,会议租车费,62,会议签到_线下签到缺审批,根据SOP规定，线下签到表下方的“负责与会医疗专业人士的内部员工签字（确认以上签字及备注属实）”和“直线经理签字（确认以上签字及代表说明复核公司要求）”需相应负责人签字,将为您寄回线下签到表，请补充签字后原件寄回我司,根据SOP规定，线下签到表下方的“负责与会医疗专业人士的内部员工签字（确认以上签字及备注属实）”和“直线经理签字（确认以上签字及代表说明复核公司要求）”需相应负责人签字将为您寄回线下签到表，请补充签字后原件寄回我司
MN010463,01,学术论坛,04,会议租车费,63,会议照片_缺水印,根据SOP规定，会议照片需使用水印相机拍摄活动现场照片，并注明活动时间、活动地点、活动主题,请补充提供，如不符合要求将不予报销,根据SOP规定，会议照片需使用水印相机拍摄活动现场照片，并注明活动时间、活动地点、活动主题请补充提供，如不符合要求将不予报销
MN010464,01,学术论坛,04,会议租车费,64,会议照片_缺会议主题,根据SOP规定，会议照片需体现并反映会议主题（如PPT标题、横幅、易拉宝等），且照片中的会议主题需清洗,请补充提供，如不符合要求将不予报销,根据SOP规定，会议照片需体现并反映会议主题（如PPT标题、横幅、易拉宝等），且照片中的会议主题需清洗请补充提供，如不符合要求将不予报销
MN010465,01,学术论坛,04,会议租车费,65,会议照片_缺付费讲者,根据SOP规定，付费讲者需提供正面清晰演讲照片，照片应体现付费讲者和一张会议幻灯稿同框的场景，要求可识别付费讲者并能体现所参加会议,请补充提供，如不符合要求将不予报销,根据SOP规定，付费讲者需提供正面清晰演讲照片，照片应体现付费讲者和一张会议幻灯稿同框的场景，要求可识别付费讲者并能体现所参加会议请补充提供，如不符合要求将不予报销
MN010466,01,学术论坛,04,会议租车费,66,会议照片_水印与议程不一致,根据SOP规定，会议照片水印所反映拍摄时间与会议议程相一致,请补充提供，如不符合要求将不予报销,根据SOP规定，会议照片水印所反映拍摄时间与会议议程相一致请补充提供，如不符合要求将不予报销
MN010467,01,学术论坛,04,会议租车费,67,会议照片_人数标准不符,根据SOP规定，学术论坛会议照片需显示50%及以上参会人员（内+外）,请补充提供，如不符合要求将不予报销,根据SOP规定，学术论坛会议照片需显示50%及以上参会人员（内+外）请补充提供，如不符合要求将不予报销
MN010468,01,学术论坛,04,会议租车费,68,会议人数_内部人数不符,根据SOP规定，学术论坛内部参会者不可少于2人（包含会议组织者）,请确认实际内部参会人数,根据SOP规定，学术论坛内部参会者不可少于2人（包含会议组织者）请确认实际内部参会人数
MN010469,01,学术论坛,04,会议租车费,69,会议人数_外部人数不符,根据SOP规定，学术论坛外部外部参会者可以跨城市、跨医院、跨科室的HCP共同参与，外部参会人数不少于5人,请确认实际外部参会人数,根据SOP规定，学术论坛外部外部参会者可以跨城市、跨医院、跨科室的HCP共同参与，外部参会人数不少于5人请确认实际外部参会人数
MN010470,01,学术论坛,04,会议租车费,70,报销范围_时效,根据SOP规定，原则上公司仅承担学术活动会议议程前后24小时内所产生的相关费用，例外事项需提供部门负责人及合规审计总监的共同批准,如需报销请提供特批,根据SOP规定，原则上公司仅承担学术活动会议议程前后24小时内所产生的相关费用，例外事项需提供部门负责人及合规审计总监的共同批准如需报销请提供特批
MN010471,01,学术论坛,04,会议租车费,71,报销范围_费用,根据SOP规定，学术论坛可报销费用有讲课费、餐饮、住宿费、场租和交通费,额外费用不予报销已为您扣除,根据SOP规定，学术论坛可报销费用有讲课费、餐饮、住宿费、场租和交通费额外费用不予报销已为您扣除
MN010501,01,学术论坛,05,会议火车票,01,HCP火车标准,根据SOP规定，HCP火车出行不得提供商务舱坐席，高于上述标准的交通需事前经业务部负责人、合规审计部负责人及 CEO书面批准。,请提供,根据SOP规定，HCP火车出行不得提供商务舱坐席，高于上述标准的交通需事前经业务部负责人、合规审计部负责人及 CEO书面批准。请提供
MN010551,01,学术论坛,05,会议火车票,51,会议权限_学术论坛,根据SOP规定，学术论坛可举办的组织者岗位为地区业务销售经理及以上、市场、医学、临床运营、市场准入和商务，您无权限举办此类型会议,请提供逐级审批至部门负责人的授权邮件并抄送合规,根据SOP规定，学术论坛可举办的组织者岗位为地区业务销售经理及以上、市场、医学、临床运营、市场准入和商务，您无权限举办此类型会议请提供逐级审批至部门负责人的授权邮件并抄送合规
MN010552,01,学术论坛,05,会议火车票,52,会议议程_变更,学会活动变更会议时间、会议地点需提供企业微信变更流程或变更审批邮件,请提供,学会活动变更会议时间、会议地点需提供企业微信变更流程或变更审批邮件请提供
MN010553,01,学术论坛,05,会议火车票,53,会议议程_不一致,会议议程内容与系统填报的实际会议情况不一致,请确认并提供更新的会议议程,会议议程内容与系统填报的实际会议情况不一致请确认并提供更新的会议议程
MN010554,01,学术论坛,05,会议火车票,54,会议议程_不完整,会议议程需包含会议日期、会议开展时间、会议地点、会议内容、演讲主题和演讲人,请补充提供,会议议程需包含会议日期、会议开展时间、会议地点、会议内容、演讲主题和演讲人请补充提供
MN010555,01,学术论坛,05,会议火车票,55,会议议程_时长不足,根据SOP规定，学术论坛会议时长需≥ 半天（2-4H）,请确认,根据SOP规定，学术论坛会议时长需≥ 半天（2-4H）请确认
MN010556,01,学术论坛,05,会议火车票,56,会议地点_不得跨区,根据SOP规定，原则上若全部参会人来自同一城市，学术活动地点不应跨行政区域，特殊情况需得到上级直属领导事前审批,请提供,根据SOP规定，原则上若全部参会人来自同一城市，学术活动地点不应跨行政区域，特殊情况需得到上级直属领导事前审批请提供
MN010557,01,学术论坛,05,会议火车票,57,会议地点_禁止景区,根据SOP规定，禁止在景区名胜或铺张奢侈的地点举办或参加会议,不符合要求不予报销,根据SOP规定，禁止在景区名胜或铺张奢侈的地点举办或参加会议不符合要求不予报销
MN010558,01,学术论坛,05,会议火车票,58,会议地点_禁止场所,根据SOP规定，禁止在水疗会所、温泉、度假、滑雪、高尔夫、赌博、邮轮、洗浴中心、KTV娱乐及以以上为主业的场所举办学术活动或进行业务招待活动,不符合要求不予报销,根据SOP规定，禁止在水疗会所、温泉、度假、滑雪、高尔夫、赌博、邮轮、洗浴中心、KTV娱乐及以以上为主业的场所举办学术活动或进行业务招待活动不符合要求不予报销
MN010559,01,学术论坛,05,会议火车票,59,会议签到_系统人数不一致,系统实际内外部参会人数与签到表不一致,请确认实际内外部参会人数，并解释说明,系统实际内外部参会人数与签到表不一致请确认实际内外部参会人数，并解释说明
MN010560,01,学术论坛,05,会议火车票,60,会议签到_整场未电子签到,根据SOP规定，整场会议未使用电子签到单需提供逐级审批至部门负责人的审批邮件,请提供,根据SOP规定，整场会议未使用电子签到单需提供逐级审批至部门负责人的审批邮件请提供
MN010561,01,学术论坛,05,会议火车票,61,会议签到_缺线下签到原件,根据SOP规定，线下签到单原件需邮寄至我司,请将原件邮寄至我司，邮寄后提供快递单号,根据SOP规定，线下签到单原件需邮寄至我司请将原件邮寄至我司，邮寄后提供快递单号
MN010562,01,学术论坛,05,会议火车票,62,会议签到_线下签到缺审批,根据SOP规定，线下签到表下方的“负责与会医疗专业人士的内部员工签字（确认以上签字及备注属实）”和“直线经理签字（确认以上签字及代表说明复核公司要求）”需相应负责人签字,将为您寄回线下签到表，请补充签字后原件寄回我司,根据SOP规定，线下签到表下方的“负责与会医疗专业人士的内部员工签字（确认以上签字及备注属实）”和“直线经理签字（确认以上签字及代表说明复核公司要求）”需相应负责人签字将为您寄回线下签到表，请补充签字后原件寄回我司
MN010563,01,学术论坛,05,会议火车票,63,会议照片_缺水印,根据SOP规定，会议照片需使用水印相机拍摄活动现场照片，并注明活动时间、活动地点、活动主题,请补充提供，如不符合要求将不予报销,根据SOP规定，会议照片需使用水印相机拍摄活动现场照片，并注明活动时间、活动地点、活动主题请补充提供，如不符合要求将不予报销
MN010564,01,学术论坛,05,会议火车票,64,会议照片_缺会议主题,根据SOP规定，会议照片需体现并反映会议主题（如PPT标题、横幅、易拉宝等），且照片中的会议主题需清洗,请补充提供，如不符合要求将不予报销,根据SOP规定，会议照片需体现并反映会议主题（如PPT标题、横幅、易拉宝等），且照片中的会议主题需清洗请补充提供，如不符合要求将不予报销
MN010565,01,学术论坛,05,会议火车票,65,会议照片_缺付费讲者,根据SOP规定，付费讲者需提供正面清晰演讲照片，照片应体现付费讲者和一张会议幻灯稿同框的场景，要求可识别付费讲者并能体现所参加会议,请补充提供，如不符合要求将不予报销,根据SOP规定，付费讲者需提供正面清晰演讲照片，照片应体现付费讲者和一张会议幻灯稿同框的场景，要求可识别付费讲者并能体现所参加会议请补充提供，如不符合要求将不予报销
MN010566,01,学术论坛,05,会议火车票,66,会议照片_水印与议程不一致,根据SOP规定，会议照片水印所反映拍摄时间与会议议程相一致,请补充提供，如不符合要求将不予报销,根据SOP规定，会议照片水印所反映拍摄时间与会议议程相一致请补充提供，如不符合要求将不予报销
MN010567,01,学术论坛,05,会议火车票,67,会议照片_人数标准不符,根据SOP规定，学术论坛会议照片需显示50%及以上参会人员（内+外）,请补充提供，如不符合要求将不予报销,根据SOP规定，学术论坛会议照片需显示50%及以上参会人员（内+外）请补充提供，如不符合要求将不予报销
MN010568,01,学术论坛,05,会议火车票,68,会议人数_内部人数不符,根据SOP规定，学术论坛内部参会者不可少于2人（包含会议组织者）,请确认实际内部参会人数,根据SOP规定，学术论坛内部参会者不可少于2人（包含会议组织者）请确认实际内部参会人数
MN010569,01,学术论坛,05,会议火车票,69,会议人数_外部人数不符,根据SOP规定，学术论坛外部外部参会者可以跨城市、跨医院、跨科室的HCP共同参与，外部参会人数不少于5人,请确认实际外部参会人数,根据SOP规定，学术论坛外部外部参会者可以跨城市、跨医院、跨科室的HCP共同参与，外部参会人数不少于5人请确认实际外部参会人数
MN010570,01,学术论坛,05,会议火车票,70,报销范围_时效,根据SOP规定，原则上公司仅承担学术活动会议议程前后24小时内所产生的相关费用，例外事项需提供部门负责人及合规审计总监的共同批准,如需报销请提供特批,根据SOP规定，原则上公司仅承担学术活动会议议程前后24小时内所产生的相关费用，例外事项需提供部门负责人及合规审计总监的共同批准如需报销请提供特批
MN010571,01,学术论坛,05,会议火车票,71,报销范围_费用,根据SOP规定，学术论坛可报销费用有讲课费、餐饮、住宿费、场租和交通费,额外费用不予报销已为您扣除,根据SOP规定，学术论坛可报销费用有讲课费、餐饮、住宿费、场租和交通费额外费用不予报销已为您扣除
MN010601,01,学术论坛,06,会议茶歇,01,无会议的茶歇,根据SOP规定，会议茶歇不得独立于会议之外提供,请解释说明,根据SOP规定，会议茶歇不得独立于会议之外提供请解释说明
MN010602,01,学术论坛,06,会议茶歇,02,超市、商场或水果市场购买费用,根据SOP规定，超市、商场或水果市场购买的费用，需要提供明细,请提供,根据SOP规定，超市、商场或水果市场购买的费用，需要提供明细请提供
MN010603,01,学术论坛,06,会议茶歇,03,个人卡支付,根据SOP规定，个人银行卡支付超过300元，需提供付款记录及带有持卡人姓名的个人卡照片或银行对账单,请提供,根据SOP规定，个人银行卡支付超过300元，需提供付款记录及带有持卡人姓名的个人卡照片或银行对账单请提供
MN010604,01,学术论坛,06,会议茶歇,04,现金支付,"“微信零钱”、""支付宝花呗”及“京东白条”支付，系统付款类型应选择“现金”非“个人卡”，需驳回修改",已为您系统驳回，请重新提交完成业务审批流程后@通知审核员,"“微信零钱”、""支付宝花呗”及“京东白条”支付，系统付款类型应选择“现金”非“个人卡”，需驳回修改已为您系统驳回，请重新提交完成业务审批流程后@通知审核员"
MN010651,01,学术论坛,06,会议茶歇,51,会议权限_学术论坛,根据SOP规定，学术论坛可举办的组织者岗位为地区业务销售经理及以上、市场、医学、临床运营、市场准入和商务，您无权限举办此类型会议,请提供逐级审批至部门负责人的授权邮件并抄送合规,根据SOP规定，学术论坛可举办的组织者岗位为地区业务销售经理及以上、市场、医学、临床运营、市场准入和商务，您无权限举办此类型会议请提供逐级审批至部门负责人的授权邮件并抄送合规
MN010652,01,学术论坛,06,会议茶歇,52,会议议程_变更,学会活动变更会议时间、会议地点需提供企业微信变更流程或变更审批邮件,请提供,学会活动变更会议时间、会议地点需提供企业微信变更流程或变更审批邮件请提供
MN010653,01,学术论坛,06,会议茶歇,53,会议议程_不一致,会议议程内容与系统填报的实际会议情况不一致,请确认并提供更新的会议议程,会议议程内容与系统填报的实际会议情况不一致请确认并提供更新的会议议程
MN010654,01,学术论坛,06,会议茶歇,54,会议议程_不完整,会议议程需包含会议日期、会议开展时间、会议地点、会议内容、演讲主题和演讲人,请补充提供,会议议程需包含会议日期、会议开展时间、会议地点、会议内容、演讲主题和演讲人请补充提供
MN010655,01,学术论坛,06,会议茶歇,55,会议议程_时长不足,根据SOP规定，学术论坛会议时长需≥ 半天（2-4H）,请确认,根据SOP规定，学术论坛会议时长需≥ 半天（2-4H）请确认
MN010656,01,学术论坛,06,会议茶歇,56,会议地点_不得跨区,根据SOP规定，原则上若全部参会人来自同一城市，学术活动地点不应跨行政区域，特殊情况需得到上级直属领导事前审批,请提供,根据SOP规定，原则上若全部参会人来自同一城市，学术活动地点不应跨行政区域，特殊情况需得到上级直属领导事前审批请提供
MN010657,01,学术论坛,06,会议茶歇,57,会议地点_禁止景区,根据SOP规定，禁止在景区名胜或铺张奢侈的地点举办或参加会议,不符合要求不予报销,根据SOP规定，禁止在景区名胜或铺张奢侈的地点举办或参加会议不符合要求不予报销
MN010658,01,学术论坛,06,会议茶歇,58,会议地点_禁止场所,根据SOP规定，禁止在水疗会所、温泉、度假、滑雪、高尔夫、赌博、邮轮、洗浴中心、KTV娱乐及以以上为主业的场所举办学术活动或进行业务招待活动,不符合要求不予报销,根据SOP规定，禁止在水疗会所、温泉、度假、滑雪、高尔夫、赌博、邮轮、洗浴中心、KTV娱乐及以以上为主业的场所举办学术活动或进行业务招待活动不符合要求不予报销
MN010659,01,学术论坛,06,会议茶歇,59,会议签到_系统人数不一致,系统实际内外部参会人数与签到表不一致,请确认实际内外部参会人数，并解释说明,系统实际内外部参会人数与签到表不一致请确认实际内外部参会人数，并解释说明
MN010660,01,学术论坛,06,会议茶歇,60,会议签到_整场未电子签到,根据SOP规定，整场会议未使用电子签到单需提供逐级审批至部门负责人的审批邮件,请提供,根据SOP规定，整场会议未使用电子签到单需提供逐级审批至部门负责人的审批邮件请提供
MN010661,01,学术论坛,06,会议茶歇,61,会议签到_缺线下签到原件,根据SOP规定，线下签到单原件需邮寄至我司,请将原件邮寄至我司，邮寄后提供快递单号,根据SOP规定，线下签到单原件需邮寄至我司请将原件邮寄至我司，邮寄后提供快递单号
MN010662,01,学术论坛,06,会议茶歇,62,会议签到_线下签到缺审批,根据SOP规定，线下签到表下方的“负责与会医疗专业人士的内部员工签字（确认以上签字及备注属实）”和“直线经理签字（确认以上签字及代表说明复核公司要求）”需相应负责人签字,将为您寄回线下签到表，请补充签字后原件寄回我司,根据SOP规定，线下签到表下方的“负责与会医疗专业人士的内部员工签字（确认以上签字及备注属实）”和“直线经理签字（确认以上签字及代表说明复核公司要求）”需相应负责人签字将为您寄回线下签到表，请补充签字后原件寄回我司
MN010663,01,学术论坛,06,会议茶歇,63,会议照片_缺水印,根据SOP规定，会议照片需使用水印相机拍摄活动现场照片，并注明活动时间、活动地点、活动主题,请补充提供，如不符合要求将不予报销,根据SOP规定，会议照片需使用水印相机拍摄活动现场照片，并注明活动时间、活动地点、活动主题请补充提供，如不符合要求将不予报销
MN010664,01,学术论坛,06,会议茶歇,64,会议照片_缺会议主题,根据SOP规定，会议照片需体现并反映会议主题（如PPT标题、横幅、易拉宝等），且照片中的会议主题需清洗,请补充提供，如不符合要求将不予报销,根据SOP规定，会议照片需体现并反映会议主题（如PPT标题、横幅、易拉宝等），且照片中的会议主题需清洗请补充提供，如不符合要求将不予报销
MN010665,01,学术论坛,06,会议茶歇,65,会议照片_缺付费讲者,根据SOP规定，付费讲者需提供正面清晰演讲照片，照片应体现付费讲者和一张会议幻灯稿同框的场景，要求可识别付费讲者并能体现所参加会议,请补充提供，如不符合要求将不予报销,根据SOP规定，付费讲者需提供正面清晰演讲照片，照片应体现付费讲者和一张会议幻灯稿同框的场景，要求可识别付费讲者并能体现所参加会议请补充提供，如不符合要求将不予报销
MN010666,01,学术论坛,06,会议茶歇,66,会议照片_水印与议程不一致,根据SOP规定，会议照片水印所反映拍摄时间与会议议程相一致,请补充提供，如不符合要求将不予报销,根据SOP规定，会议照片水印所反映拍摄时间与会议议程相一致请补充提供，如不符合要求将不予报销
MN010667,01,学术论坛,06,会议茶歇,67,会议照片_人数标准不符,根据SOP规定，学术论坛会议照片需显示50%及以上参会人员（内+外）,请补充提供，如不符合要求将不予报销,根据SOP规定，学术论坛会议照片需显示50%及以上参会人员（内+外）请补充提供，如不符合要求将不予报销
MN010668,01,学术论坛,06,会议茶歇,68,会议人数_内部人数不符,根据SOP规定，学术论坛内部参会者不可少于2人（包含会议组织者）,请确认实际内部参会人数,根据SOP规定，学术论坛内部参会者不可少于2人（包含会议组织者）请确认实际内部参会人数
MN010669,01,学术论坛,06,会议茶歇,69,会议人数_外部人数不符,根据SOP规定，学术论坛外部外部参会者可以跨城市、跨医院、跨科室的HCP共同参与，外部参会人数不少于5人,请确认实际外部参会人数,根据SOP规定，学术论坛外部外部参会者可以跨城市、跨医院、跨科室的HCP共同参与，外部参会人数不少于5人请确认实际外部参会人数
MN010670,01,学术论坛,06,会议茶歇,70,报销范围_时效,根据SOP规定，原则上公司仅承担学术活动会议议程前后24小时内所产生的相关费用，例外事项需提供部门负责人及合规审计总监的共同批准,如需报销请提供特批,根据SOP规定，原则上公司仅承担学术活动会议议程前后24小时内所产生的相关费用，例外事项需提供部门负责人及合规审计总监的共同批准如需报销请提供特批
MN010671,01,学术论坛,06,会议茶歇,71,报销范围_费用,根据SOP规定，学术论坛可报销费用有讲课费、餐饮、住宿费、场租和交通费,额外费用不予报销已为您扣除,根据SOP规定，学术论坛可报销费用有讲课费、餐饮、住宿费、场租和交通费额外费用不予报销已为您扣除
MN010701,01,学术论坛,07,会议场租,01,个人卡支付,根据SOP规定，个人银行卡支付超过300元，需提供付款记录及带有持卡人姓名的个人卡照片或银行对账单,请提供,根据SOP规定，个人银行卡支付超过300元，需提供付款记录及带有持卡人姓名的个人卡照片或银行对账单请提供
MN010702,01,学术论坛,07,会议场租,02,现金支付,"“微信零钱”、""支付宝花呗”及“京东白条”支付，系统付款类型应选择“现金”非“个人卡”，需驳回修改",已为您系统驳回，请重新提交完成业务审批流程后@通知审核员,"“微信零钱”、""支付宝花呗”及“京东白条”支付，系统付款类型应选择“现金”非“个人卡”，需驳回修改已为您系统驳回，请重新提交完成业务审批流程后@通知审核员"
MN010751,01,学术论坛,07,会议场租,51,会议权限_学术论坛,根据SOP规定，学术论坛可举办的组织者岗位为地区业务销售经理及以上、市场、医学、临床运营、市场准入和商务，您无权限举办此类型会议,请提供逐级审批至部门负责人的授权邮件并抄送合规,根据SOP规定，学术论坛可举办的组织者岗位为地区业务销售经理及以上、市场、医学、临床运营、市场准入和商务，您无权限举办此类型会议请提供逐级审批至部门负责人的授权邮件并抄送合规
MN010752,01,学术论坛,07,会议场租,52,会议议程_变更,学会活动变更会议时间、会议地点需提供企业微信变更流程或变更审批邮件,请提供,学会活动变更会议时间、会议地点需提供企业微信变更流程或变更审批邮件请提供
MN010753,01,学术论坛,07,会议场租,53,会议议程_不一致,会议议程内容与系统填报的实际会议情况不一致,请确认并提供更新的会议议程,会议议程内容与系统填报的实际会议情况不一致请确认并提供更新的会议议程
MN010754,01,学术论坛,07,会议场租,54,会议议程_不完整,会议议程需包含会议日期、会议开展时间、会议地点、会议内容、演讲主题和演讲人,请补充提供,会议议程需包含会议日期、会议开展时间、会议地点、会议内容、演讲主题和演讲人请补充提供
MN010755,01,学术论坛,07,会议场租,55,会议议程_时长不足,根据SOP规定，学术论坛会议时长需≥ 半天（2-4H）,请确认,根据SOP规定，学术论坛会议时长需≥ 半天（2-4H）请确认
MN010756,01,学术论坛,07,会议场租,56,会议地点_不得跨区,根据SOP规定，原则上若全部参会人来自同一城市，学术活动地点不应跨行政区域，特殊情况需得到上级直属领导事前审批,请提供,根据SOP规定，原则上若全部参会人来自同一城市，学术活动地点不应跨行政区域，特殊情况需得到上级直属领导事前审批请提供
MN010757,01,学术论坛,07,会议场租,57,会议地点_禁止景区,根据SOP规定，禁止在景区名胜或铺张奢侈的地点举办或参加会议,不符合要求不予报销,根据SOP规定，禁止在景区名胜或铺张奢侈的地点举办或参加会议不符合要求不予报销
MN010758,01,学术论坛,07,会议场租,58,会议地点_禁止场所,根据SOP规定，禁止在水疗会所、温泉、度假、滑雪、高尔夫、赌博、邮轮、洗浴中心、KTV娱乐及以以上为主业的场所举办学术活动或进行业务招待活动,不符合要求不予报销,根据SOP规定，禁止在水疗会所、温泉、度假、滑雪、高尔夫、赌博、邮轮、洗浴中心、KTV娱乐及以以上为主业的场所举办学术活动或进行业务招待活动不符合要求不予报销
MN010759,01,学术论坛,07,会议场租,59,会议签到_系统人数不一致,系统实际内外部参会人数与签到表不一致,请确认实际内外部参会人数，并解释说明,系统实际内外部参会人数与签到表不一致请确认实际内外部参会人数，并解释说明
MN010760,01,学术论坛,07,会议场租,60,会议签到_整场未电子签到,根据SOP规定，整场会议未使用电子签到单需提供逐级审批至部门负责人的审批邮件,请提供,根据SOP规定，整场会议未使用电子签到单需提供逐级审批至部门负责人的审批邮件请提供
MN010761,01,学术论坛,07,会议场租,61,会议签到_缺线下签到原件,根据SOP规定，线下签到单原件需邮寄至我司,请将原件邮寄至我司，邮寄后提供快递单号,根据SOP规定，线下签到单原件需邮寄至我司请将原件邮寄至我司，邮寄后提供快递单号
MN010762,01,学术论坛,07,会议场租,62,会议签到_线下签到缺审批,根据SOP规定，线下签到表下方的“负责与会医疗专业人士的内部员工签字（确认以上签字及备注属实）”和“直线经理签字（确认以上签字及代表说明复核公司要求）”需相应负责人签字,将为您寄回线下签到表，请补充签字后原件寄回我司,根据SOP规定，线下签到表下方的“负责与会医疗专业人士的内部员工签字（确认以上签字及备注属实）”和“直线经理签字（确认以上签字及代表说明复核公司要求）”需相应负责人签字将为您寄回线下签到表，请补充签字后原件寄回我司
MN010763,01,学术论坛,07,会议场租,63,会议照片_缺水印,根据SOP规定，会议照片需使用水印相机拍摄活动现场照片，并注明活动时间、活动地点、活动主题,请补充提供，如不符合要求将不予报销,根据SOP规定，会议照片需使用水印相机拍摄活动现场照片，并注明活动时间、活动地点、活动主题请补充提供，如不符合要求将不予报销
MN010764,01,学术论坛,07,会议场租,64,会议照片_缺会议主题,根据SOP规定，会议照片需体现并反映会议主题（如PPT标题、横幅、易拉宝等），且照片中的会议主题需清洗,请补充提供，如不符合要求将不予报销,根据SOP规定，会议照片需体现并反映会议主题（如PPT标题、横幅、易拉宝等），且照片中的会议主题需清洗请补充提供，如不符合要求将不予报销
MN010765,01,学术论坛,07,会议场租,65,会议照片_缺付费讲者,根据SOP规定，付费讲者需提供正面清晰演讲照片，照片应体现付费讲者和一张会议幻灯稿同框的场景，要求可识别付费讲者并能体现所参加会议,请补充提供，如不符合要求将不予报销,根据SOP规定，付费讲者需提供正面清晰演讲照片，照片应体现付费讲者和一张会议幻灯稿同框的场景，要求可识别付费讲者并能体现所参加会议请补充提供，如不符合要求将不予报销
MN010766,01,学术论坛,07,会议场租,66,会议照片_水印与议程不一致,根据SOP规定，会议照片水印所反映拍摄时间与会议议程相一致,请补充提供，如不符合要求将不予报销,根据SOP规定，会议照片水印所反映拍摄时间与会议议程相一致请补充提供，如不符合要求将不予报销
MN010767,01,学术论坛,07,会议场租,67,会议照片_人数标准不符,根据SOP规定，学术论坛会议照片需显示50%及以上参会人员（内+外）,请补充提供，如不符合要求将不予报销,根据SOP规定，学术论坛会议照片需显示50%及以上参会人员（内+外）请补充提供，如不符合要求将不予报销
MN010768,01,学术论坛,07,会议场租,68,会议人数_内部人数不符,根据SOP规定，学术论坛内部参会者不可少于2人（包含会议组织者）,请确认实际内部参会人数,根据SOP规定，学术论坛内部参会者不可少于2人（包含会议组织者）请确认实际内部参会人数
MN010769,01,学术论坛,07,会议场租,69,会议人数_外部人数不符,根据SOP规定，学术论坛外部外部参会者可以跨城市、跨医院、跨科室的HCP共同参与，外部参会人数不少于5人,请确认实际外部参会人数,根据SOP规定，学术论坛外部外部参会者可以跨城市、跨医院、跨科室的HCP共同参与，外部参会人数不少于5人请确认实际外部参会人数
MN010770,01,学术论坛,07,会议场租,70,报销范围_时效,根据SOP规定，原则上公司仅承担学术活动会议议程前后24小时内所产生的相关费用，例外事项需提供部门负责人及合规审计总监的共同批准,如需报销请提供特批,根据SOP规定，原则上公司仅承担学术活动会议议程前后24小时内所产生的相关费用，例外事项需提供部门负责人及合规审计总监的共同批准如需报销请提供特批
MN010771,01,学术论坛,07,会议场租,71,报销范围_费用,根据SOP规定，学术论坛可报销费用有讲课费、餐饮、住宿费、场租和交通费,额外费用不予报销已为您扣除,根据SOP规定，学术论坛可报销费用有讲课费、餐饮、住宿费、场租和交通费额外费用不予报销已为您扣除
MN010801,01,学术论坛,08,会议个人车辆,01,个人卡支付,根据SOP规定，个人银行卡支付超过300元，需提供付款记录及带有持卡人姓名的个人卡照片或银行对账单,请提供,根据SOP规定，个人银行卡支付超过300元，需提供付款记录及带有持卡人姓名的个人卡照片或银行对账单请提供
MN010802,01,学术论坛,08,会议个人车辆,02,现金支付,"“微信零钱”、""支付宝花呗”及“京东白条”支付，系统付款类型应选择“现金”非“个人卡”，需驳回修改",已为您系统驳回，请重新提交完成业务审批流程后@通知审核员,"“微信零钱”、""支付宝花呗”及“京东白条”支付，系统付款类型应选择“现金”非“个人卡”，需驳回修改已为您系统驳回，请重新提交完成业务审批流程后@通知审核员"
MN010851,01,学术论坛,08,会议个人车辆,51,会议权限_学术论坛,根据SOP规定，学术论坛可举办的组织者岗位为地区业务销售经理及以上、市场、医学、临床运营、市场准入和商务，您无权限举办此类型会议,请提供逐级审批至部门负责人的授权邮件并抄送合规,根据SOP规定，学术论坛可举办的组织者岗位为地区业务销售经理及以上、市场、医学、临床运营、市场准入和商务，您无权限举办此类型会议请提供逐级审批至部门负责人的授权邮件并抄送合规
MN010852,01,学术论坛,08,会议个人车辆,52,会议议程_变更,学会活动变更会议时间、会议地点需提供企业微信变更流程或变更审批邮件,请提供,学会活动变更会议时间、会议地点需提供企业微信变更流程或变更审批邮件请提供
MN010853,01,学术论坛,08,会议个人车辆,53,会议议程_不一致,会议议程内容与系统填报的实际会议情况不一致,请确认并提供更新的会议议程,会议议程内容与系统填报的实际会议情况不一致请确认并提供更新的会议议程
MN010854,01,学术论坛,08,会议个人车辆,54,会议议程_不完整,会议议程需包含会议日期、会议开展时间、会议地点、会议内容、演讲主题和演讲人,请补充提供,会议议程需包含会议日期、会议开展时间、会议地点、会议内容、演讲主题和演讲人请补充提供
MN010855,01,学术论坛,08,会议个人车辆,55,会议议程_时长不足,根据SOP规定，学术论坛会议时长需≥ 半天（2-4H）,请确认,根据SOP规定，学术论坛会议时长需≥ 半天（2-4H）请确认
MN010856,01,学术论坛,08,会议个人车辆,56,会议地点_不得跨区,根据SOP规定，原则上若全部参会人来自同一城市，学术活动地点不应跨行政区域，特殊情况需得到上级直属领导事前审批,请提供,根据SOP规定，原则上若全部参会人来自同一城市，学术活动地点不应跨行政区域，特殊情况需得到上级直属领导事前审批请提供
MN010857,01,学术论坛,08,会议个人车辆,57,会议地点_禁止景区,根据SOP规定，禁止在景区名胜或铺张奢侈的地点举办或参加会议,不符合要求不予报销,根据SOP规定，禁止在景区名胜或铺张奢侈的地点举办或参加会议不符合要求不予报销
MN010858,01,学术论坛,08,会议个人车辆,58,会议地点_禁止场所,根据SOP规定，禁止在水疗会所、温泉、度假、滑雪、高尔夫、赌博、邮轮、洗浴中心、KTV娱乐及以以上为主业的场所举办学术活动或进行业务招待活动,不符合要求不予报销,根据SOP规定，禁止在水疗会所、温泉、度假、滑雪、高尔夫、赌博、邮轮、洗浴中心、KTV娱乐及以以上为主业的场所举办学术活动或进行业务招待活动不符合要求不予报销
MN010859,01,学术论坛,08,会议个人车辆,59,会议签到_系统人数不一致,系统实际内外部参会人数与签到表不一致,请确认实际内外部参会人数，并解释说明,系统实际内外部参会人数与签到表不一致请确认实际内外部参会人数，并解释说明
MN010860,01,学术论坛,08,会议个人车辆,60,会议签到_整场未电子签到,根据SOP规定，整场会议未使用电子签到单需提供逐级审批至部门负责人的审批邮件,请提供,根据SOP规定，整场会议未使用电子签到单需提供逐级审批至部门负责人的审批邮件请提供
MN010861,01,学术论坛,08,会议个人车辆,61,会议签到_缺线下签到原件,根据SOP规定，线下签到单原件需邮寄至我司,请将原件邮寄至我司，邮寄后提供快递单号,根据SOP规定，线下签到单原件需邮寄至我司请将原件邮寄至我司，邮寄后提供快递单号
MN010862,01,学术论坛,08,会议个人车辆,62,会议签到_线下签到缺审批,根据SOP规定，线下签到表下方的“负责与会医疗专业人士的内部员工签字（确认以上签字及备注属实）”和“直线经理签字（确认以上签字及代表说明复核公司要求）”需相应负责人签字,将为您寄回线下签到表，请补充签字后原件寄回我司,根据SOP规定，线下签到表下方的“负责与会医疗专业人士的内部员工签字（确认以上签字及备注属实）”和“直线经理签字（确认以上签字及代表说明复核公司要求）”需相应负责人签字将为您寄回线下签到表，请补充签字后原件寄回我司
MN010863,01,学术论坛,08,会议个人车辆,63,会议照片_缺水印,根据SOP规定，会议照片需使用水印相机拍摄活动现场照片，并注明活动时间、活动地点、活动主题,请补充提供，如不符合要求将不予报销,根据SOP规定，会议照片需使用水印相机拍摄活动现场照片，并注明活动时间、活动地点、活动主题请补充提供，如不符合要求将不予报销
MN010864,01,学术论坛,08,会议个人车辆,64,会议照片_缺会议主题,根据SOP规定，会议照片需体现并反映会议主题（如PPT标题、横幅、易拉宝等），且照片中的会议主题需清洗,请补充提供，如不符合要求将不予报销,根据SOP规定，会议照片需体现并反映会议主题（如PPT标题、横幅、易拉宝等），且照片中的会议主题需清洗请补充提供，如不符合要求将不予报销
MN010865,01,学术论坛,08,会议个人车辆,65,会议照片_缺付费讲者,根据SOP规定，付费讲者需提供正面清晰演讲照片，照片应体现付费讲者和一张会议幻灯稿同框的场景，要求可识别付费讲者并能体现所参加会议,请补充提供，如不符合要求将不予报销,根据SOP规定，付费讲者需提供正面清晰演讲照片，照片应体现付费讲者和一张会议幻灯稿同框的场景，要求可识别付费讲者并能体现所参加会议请补充提供，如不符合要求将不予报销
MN010866,01,学术论坛,08,会议个人车辆,66,会议照片_水印与议程不一致,根据SOP规定，会议照片水印所反映拍摄时间与会议议程相一致,请补充提供，如不符合要求将不予报销,根据SOP规定，会议照片水印所反映拍摄时间与会议议程相一致请补充提供，如不符合要求将不予报销
MN010867,01,学术论坛,08,会议个人车辆,67,会议照片_人数标准不符,根据SOP规定，学术论坛会议照片需显示50%及以上参会人员（内+外）,请补充提供，如不符合要求将不予报销,根据SOP规定，学术论坛会议照片需显示50%及以上参会人员（内+外）请补充提供，如不符合要求将不予报销
MN010868,01,学术论坛,08,会议个人车辆,68,会议人数_内部人数不符,根据SOP规定，学术论坛内部参会者不可少于2人（包含会议组织者）,请确认实际内部参会人数,根据SOP规定，学术论坛内部参会者不可少于2人（包含会议组织者）请确认实际内部参会人数
MN010869,01,学术论坛,08,会议个人车辆,69,会议人数_外部人数不符,根据SOP规定，学术论坛外部外部参会者可以跨城市、跨医院、跨科室的HCP共同参与，外部参会人数不少于5人,请确认实际外部参会人数,根据SOP规定，学术论坛外部外部参会者可以跨城市、跨医院、跨科室的HCP共同参与，外部参会人数不少于5人请确认实际外部参会人数
MN010870,01,学术论坛,08,会议个人车辆,70,报销范围_时效,根据SOP规定，原则上公司仅承担学术活动会议议程前后24小时内所产生的相关费用，例外事项需提供部门负责人及合规审计总监的共同批准,如需报销请提供特批,根据SOP规定，原则上公司仅承担学术活动会议议程前后24小时内所产生的相关费用，例外事项需提供部门负责人及合规审计总监的共同批准如需报销请提供特批
MN010871,01,学术论坛,08,会议个人车辆,71,报销范围_费用,根据SOP规定，学术论坛可报销费用有讲课费、餐饮、住宿费、场租和交通费,额外费用不予报销已为您扣除,根据SOP规定，学术论坛可报销费用有讲课费、餐饮、住宿费、场租和交通费额外费用不予报销已为您扣除
MN010901,01,学术论坛,09,会议推广材料制作,01,个人卡支付,根据SOP规定，个人银行卡支付超过300元，需提供付款记录及带有持卡人姓名的个人卡照片或银行对账单,请提供,根据SOP规定，个人银行卡支付超过300元，需提供付款记录及带有持卡人姓名的个人卡照片或银行对账单请提供
MN010902,01,学术论坛,09,会议推广材料制作,02,现金支付,"“微信零钱”、""支付宝花呗”及“京东白条”支付，系统付款类型应选择“现金”非“个人卡”，需驳回修改",已为您系统驳回，请重新提交完成业务审批流程后@通知审核员,"“微信零钱”、""支付宝花呗”及“京东白条”支付，系统付款类型应选择“现金”非“个人卡”，需驳回修改已为您系统驳回，请重新提交完成业务审批流程后@通知审核员"
MN010951,01,学术论坛,09,会议推广材料制作,51,会议权限_学术论坛,根据SOP规定，学术论坛可举办的组织者岗位为地区业务销售经理及以上、市场、医学、临床运营、市场准入和商务，您无权限举办此类型会议,请提供逐级审批至部门负责人的授权邮件并抄送合规,根据SOP规定，学术论坛可举办的组织者岗位为地区业务销售经理及以上、市场、医学、临床运营、市场准入和商务，您无权限举办此类型会议请提供逐级审批至部门负责人的授权邮件并抄送合规
MN010952,01,学术论坛,09,会议推广材料制作,52,会议议程_变更,学会活动变更会议时间、会议地点需提供企业微信变更流程或变更审批邮件,请提供,学会活动变更会议时间、会议地点需提供企业微信变更流程或变更审批邮件请提供
MN010953,01,学术论坛,09,会议推广材料制作,53,会议议程_不一致,会议议程内容与系统填报的实际会议情况不一致,请确认并提供更新的会议议程,会议议程内容与系统填报的实际会议情况不一致请确认并提供更新的会议议程
MN010954,01,学术论坛,09,会议推广材料制作,54,会议议程_不完整,会议议程需包含会议日期、会议开展时间、会议地点、会议内容、演讲主题和演讲人,请补充提供,会议议程需包含会议日期、会议开展时间、会议地点、会议内容、演讲主题和演讲人请补充提供
MN010955,01,学术论坛,09,会议推广材料制作,55,会议议程_时长不足,根据SOP规定，学术论坛会议时长需≥ 半天（2-4H）,请确认,根据SOP规定，学术论坛会议时长需≥ 半天（2-4H）请确认
MN010956,01,学术论坛,09,会议推广材料制作,56,会议地点_不得跨区,根据SOP规定，原则上若全部参会人来自同一城市，学术活动地点不应跨行政区域，特殊情况需得到上级直属领导事前审批,请提供,根据SOP规定，原则上若全部参会人来自同一城市，学术活动地点不应跨行政区域，特殊情况需得到上级直属领导事前审批请提供
MN010957,01,学术论坛,09,会议推广材料制作,57,会议地点_禁止景区,根据SOP规定，禁止在景区名胜或铺张奢侈的地点举办或参加会议,不符合要求不予报销,根据SOP规定，禁止在景区名胜或铺张奢侈的地点举办或参加会议不符合要求不予报销
MN010958,01,学术论坛,09,会议推广材料制作,58,会议地点_禁止场所,根据SOP规定，禁止在水疗会所、温泉、度假、滑雪、高尔夫、赌博、邮轮、洗浴中心、KTV娱乐及以以上为主业的场所举办学术活动或进行业务招待活动,不符合要求不予报销,根据SOP规定，禁止在水疗会所、温泉、度假、滑雪、高尔夫、赌博、邮轮、洗浴中心、KTV娱乐及以以上为主业的场所举办学术活动或进行业务招待活动不符合要求不予报销
MN010959,01,学术论坛,09,会议推广材料制作,59,会议签到_系统人数不一致,系统实际内外部参会人数与签到表不一致,请确认实际内外部参会人数，并解释说明,系统实际内外部参会人数与签到表不一致请确认实际内外部参会人数，并解释说明
MN010960,01,学术论坛,09,会议推广材料制作,60,会议签到_整场未电子签到,根据SOP规定，整场会议未使用电子签到单需提供逐级审批至部门负责人的审批邮件,请提供,根据SOP规定，整场会议未使用电子签到单需提供逐级审批至部门负责人的审批邮件请提供
MN010961,01,学术论坛,09,会议推广材料制作,61,会议签到_缺线下签到原件,根据SOP规定，线下签到单原件需邮寄至我司,请将原件邮寄至我司，邮寄后提供快递单号,根据SOP规定，线下签到单原件需邮寄至我司请将原件邮寄至我司，邮寄后提供快递单号
MN010962,01,学术论坛,09,会议推广材料制作,62,会议签到_线下签到缺审批,根据SOP规定，线下签到表下方的“负责与会医疗专业人士的内部员工签字（确认以上签字及备注属实）”和“直线经理签字（确认以上签字及代表说明复核公司要求）”需相应负责人签字,将为您寄回线下签到表，请补充签字后原件寄回我司,根据SOP规定，线下签到表下方的“负责与会医疗专业人士的内部员工签字（确认以上签字及备注属实）”和“直线经理签字（确认以上签字及代表说明复核公司要求）”需相应负责人签字将为您寄回线下签到表，请补充签字后原件寄回我司
MN010963,01,学术论坛,09,会议推广材料制作,63,会议照片_缺水印,根据SOP规定，会议照片需使用水印相机拍摄活动现场照片，并注明活动时间、活动地点、活动主题,请补充提供，如不符合要求将不予报销,根据SOP规定，会议照片需使用水印相机拍摄活动现场照片，并注明活动时间、活动地点、活动主题请补充提供，如不符合要求将不予报销
MN010964,01,学术论坛,09,会议推广材料制作,64,会议照片_缺会议主题,根据SOP规定，会议照片需体现并反映会议主题（如PPT标题、横幅、易拉宝等），且照片中的会议主题需清洗,请补充提供，如不符合要求将不予报销,根据SOP规定，会议照片需体现并反映会议主题（如PPT标题、横幅、易拉宝等），且照片中的会议主题需清洗请补充提供，如不符合要求将不予报销
MN010965,01,学术论坛,09,会议推广材料制作,65,会议照片_缺付费讲者,根据SOP规定，付费讲者需提供正面清晰演讲照片，照片应体现付费讲者和一张会议幻灯稿同框的场景，要求可识别付费讲者并能体现所参加会议,请补充提供，如不符合要求将不予报销,根据SOP规定，付费讲者需提供正面清晰演讲照片，照片应体现付费讲者和一张会议幻灯稿同框的场景，要求可识别付费讲者并能体现所参加会议请补充提供，如不符合要求将不予报销
MN010966,01,学术论坛,09,会议推广材料制作,66,会议照片_水印与议程不一致,根据SOP规定，会议照片水印所反映拍摄时间与会议议程相一致,请补充提供，如不符合要求将不予报销,根据SOP规定，会议照片水印所反映拍摄时间与会议议程相一致请补充提供，如不符合要求将不予报销
MN010967,01,学术论坛,09,会议推广材料制作,67,会议照片_人数标准不符,根据SOP规定，学术论坛会议照片需显示50%及以上参会人员（内+外）,请补充提供，如不符合要求将不予报销,根据SOP规定，学术论坛会议照片需显示50%及以上参会人员（内+外）请补充提供，如不符合要求将不予报销
MN010968,01,学术论坛,09,会议推广材料制作,68,会议人数_内部人数不符,根据SOP规定，学术论坛内部参会者不可少于2人（包含会议组织者）,请确认实际内部参会人数,根据SOP规定，学术论坛内部参会者不可少于2人（包含会议组织者）请确认实际内部参会人数
MN010969,01,学术论坛,09,会议推广材料制作,69,会议人数_外部人数不符,根据SOP规定，学术论坛外部外部参会者可以跨城市、跨医院、跨科室的HCP共同参与，外部参会人数不少于5人,请确认实际外部参会人数,根据SOP规定，学术论坛外部外部参会者可以跨城市、跨医院、跨科室的HCP共同参与，外部参会人数不少于5人请确认实际外部参会人数
MN010970,01,学术论坛,09,会议推广材料制作,70,报销范围_时效,根据SOP规定，原则上公司仅承担学术活动会议议程前后24小时内所产生的相关费用，例外事项需提供部门负责人及合规审计总监的共同批准,如需报销请提供特批,根据SOP规定，原则上公司仅承担学术活动会议议程前后24小时内所产生的相关费用，例外事项需提供部门负责人及合规审计总监的共同批准如需报销请提供特批
MN010971,01,学术论坛,09,会议推广材料制作,71,报销范围_费用,根据SOP规定，学术论坛可报销费用有讲课费、餐饮、住宿费、场租和交通费,额外费用不予报销已为您扣除,根据SOP规定，学术论坛可报销费用有讲课费、餐饮、住宿费、场租和交通费额外费用不予报销已为您扣除
MN011001,01,学术论坛,10,会议住宿费,01,HCP住宿标准,根据SOP规定，提供HCP的住宿费北上广深不得超过1000元/人/晚，其他城市不超过750元/人/晚，海外城市不超过2000元/人/晚，高于上述标准的住宿费需事前获得业务部负责人和合规审计部负责人的书面批准,请提供,根据SOP规定，提供HCP的住宿费北上广深不得超过1000元/人/晚，其他城市不超过750元/人/晚，海外城市不超过2000元/人/晚，高于上述标准的住宿费需事前获得业务部负责人和合规审计部负责人的书面批准请提供
MN011002,01,学术论坛,10,会议住宿费,02,个人卡支付,根据SOP规定，个人银行卡支付超过300元，需提供付款记录及带有持卡人姓名的个人卡照片或银行对账单,请提供,根据SOP规定，个人银行卡支付超过300元，需提供付款记录及带有持卡人姓名的个人卡照片或银行对账单请提供
MN011003,01,学术论坛,10,会议住宿费,03,现金支付,"“微信零钱”、""支付宝花呗”及“京东白条”支付，系统付款类型应选择“现金”非“个人卡”，需驳回修改",已为您系统驳回，请重新提交完成业务审批流程后@通知审核员,"“微信零钱”、""支付宝花呗”及“京东白条”支付，系统付款类型应选择“现金”非“个人卡”，需驳回修改已为您系统驳回，请重新提交完成业务审批流程后@通知审核员"
MN011051,01,学术论坛,10,会议住宿费,51,会议权限_学术论坛,根据SOP规定，学术论坛可举办的组织者岗位为地区业务销售经理及以上、市场、医学、临床运营、市场准入和商务，您无权限举办此类型会议,请提供逐级审批至部门负责人的授权邮件并抄送合规,根据SOP规定，学术论坛可举办的组织者岗位为地区业务销售经理及以上、市场、医学、临床运营、市场准入和商务，您无权限举办此类型会议请提供逐级审批至部门负责人的授权邮件并抄送合规
MN011052,01,学术论坛,10,会议住宿费,52,会议议程_变更,学会活动变更会议时间、会议地点需提供企业微信变更流程或变更审批邮件,请提供,学会活动变更会议时间、会议地点需提供企业微信变更流程或变更审批邮件请提供
MN011053,01,学术论坛,10,会议住宿费,53,会议议程_不一致,会议议程内容与系统填报的实际会议情况不一致,请确认并提供更新的会议议程,会议议程内容与系统填报的实际会议情况不一致请确认并提供更新的会议议程
MN011054,01,学术论坛,10,会议住宿费,54,会议议程_不完整,会议议程需包含会议日期、会议开展时间、会议地点、会议内容、演讲主题和演讲人,请补充提供,会议议程需包含会议日期、会议开展时间、会议地点、会议内容、演讲主题和演讲人请补充提供
MN011055,01,学术论坛,10,会议住宿费,55,会议议程_时长不足,根据SOP规定，学术论坛会议时长需≥ 半天（2-4H）,请确认,根据SOP规定，学术论坛会议时长需≥ 半天（2-4H）请确认
MN011056,01,学术论坛,10,会议住宿费,56,会议地点_不得跨区,根据SOP规定，原则上若全部参会人来自同一城市，学术活动地点不应跨行政区域，特殊情况需得到上级直属领导事前审批,请提供,根据SOP规定，原则上若全部参会人来自同一城市，学术活动地点不应跨行政区域，特殊情况需得到上级直属领导事前审批请提供
MN011057,01,学术论坛,10,会议住宿费,57,会议地点_禁止景区,根据SOP规定，禁止在景区名胜或铺张奢侈的地点举办或参加会议,不符合要求不予报销,根据SOP规定，禁止在景区名胜或铺张奢侈的地点举办或参加会议不符合要求不予报销
MN011058,01,学术论坛,10,会议住宿费,58,会议地点_禁止场所,根据SOP规定，禁止在水疗会所、温泉、度假、滑雪、高尔夫、赌博、邮轮、洗浴中心、KTV娱乐及以以上为主业的场所举办学术活动或进行业务招待活动,不符合要求不予报销,根据SOP规定，禁止在水疗会所、温泉、度假、滑雪、高尔夫、赌博、邮轮、洗浴中心、KTV娱乐及以以上为主业的场所举办学术活动或进行业务招待活动不符合要求不予报销
MN011059,01,学术论坛,10,会议住宿费,59,会议签到_系统人数不一致,系统实际内外部参会人数与签到表不一致,请确认实际内外部参会人数，并解释说明,系统实际内外部参会人数与签到表不一致请确认实际内外部参会人数，并解释说明
MN011060,01,学术论坛,10,会议住宿费,60,会议签到_整场未电子签到,根据SOP规定，整场会议未使用电子签到单需提供逐级审批至部门负责人的审批邮件,请提供,根据SOP规定，整场会议未使用电子签到单需提供逐级审批至部门负责人的审批邮件请提供
MN011061,01,学术论坛,10,会议住宿费,61,会议签到_缺线下签到原件,根据SOP规定，线下签到单原件需邮寄至我司,请将原件邮寄至我司，邮寄后提供快递单号,根据SOP规定，线下签到单原件需邮寄至我司请将原件邮寄至我司，邮寄后提供快递单号
MN011062,01,学术论坛,10,会议住宿费,62,会议签到_线下签到缺审批,根据SOP规定，线下签到表下方的“负责与会医疗专业人士的内部员工签字（确认以上签字及备注属实）”和“直线经理签字（确认以上签字及代表说明复核公司要求）”需相应负责人签字,将为您寄回线下签到表，请补充签字后原件寄回我司,根据SOP规定，线下签到表下方的“负责与会医疗专业人士的内部员工签字（确认以上签字及备注属实）”和“直线经理签字（确认以上签字及代表说明复核公司要求）”需相应负责人签字将为您寄回线下签到表，请补充签字后原件寄回我司
MN011063,01,学术论坛,10,会议住宿费,63,会议照片_缺水印,根据SOP规定，会议照片需使用水印相机拍摄活动现场照片，并注明活动时间、活动地点、活动主题,请补充提供，如不符合要求将不予报销,根据SOP规定，会议照片需使用水印相机拍摄活动现场照片，并注明活动时间、活动地点、活动主题请补充提供，如不符合要求将不予报销
MN011064,01,学术论坛,10,会议住宿费,64,会议照片_缺会议主题,根据SOP规定，会议照片需体现并反映会议主题（如PPT标题、横幅、易拉宝等），且照片中的会议主题需清洗,请补充提供，如不符合要求将不予报销,根据SOP规定，会议照片需体现并反映会议主题（如PPT标题、横幅、易拉宝等），且照片中的会议主题需清洗请补充提供，如不符合要求将不予报销
MN011065,01,学术论坛,10,会议住宿费,65,会议照片_缺付费讲者,根据SOP规定，付费讲者需提供正面清晰演讲照片，照片应体现付费讲者和一张会议幻灯稿同框的场景，要求可识别付费讲者并能体现所参加会议,请补充提供，如不符合要求将不予报销,根据SOP规定，付费讲者需提供正面清晰演讲照片，照片应体现付费讲者和一张会议幻灯稿同框的场景，要求可识别付费讲者并能体现所参加会议请补充提供，如不符合要求将不予报销
MN011066,01,学术论坛,10,会议住宿费,66,会议照片_水印与议程不一致,根据SOP规定，会议照片水印所反映拍摄时间与会议议程相一致,请补充提供，如不符合要求将不予报销,根据SOP规定，会议照片水印所反映拍摄时间与会议议程相一致请补充提供，如不符合要求将不予报销
MN011067,01,学术论坛,10,会议住宿费,67,会议照片_人数标准不符,根据SOP规定，学术论坛会议照片需显示50%及以上参会人员（内+外）,请补充提供，如不符合要求将不予报销,根据SOP规定，学术论坛会议照片需显示50%及以上参会人员（内+外）请补充提供，如不符合要求将不予报销
MN011068,01,学术论坛,10,会议住宿费,68,会议人数_内部人数不符,根据SOP规定，学术论坛内部参会者不可少于2人（包含会议组织者）,请确认实际内部参会人数,根据SOP规定，学术论坛内部参会者不可少于2人（包含会议组织者）请确认实际内部参会人数
MN011069,01,学术论坛,10,会议住宿费,69,会议人数_外部人数不符,根据SOP规定，学术论坛外部外部参会者可以跨城市、跨医院、跨科室的HCP共同参与，外部参会人数不少于5人,请确认实际外部参会人数,根据SOP规定，学术论坛外部外部参会者可以跨城市、跨医院、跨科室的HCP共同参与，外部参会人数不少于5人请确认实际外部参会人数
MN011070,01,学术论坛,10,会议住宿费,70,报销范围_时效,根据SOP规定，原则上公司仅承担学术活动会议议程前后24小时内所产生的相关费用，例外事项需提供部门负责人及合规审计总监的共同批准,如需报销请提供特批,根据SOP规定，原则上公司仅承担学术活动会议议程前后24小时内所产生的相关费用，例外事项需提供部门负责人及合规审计总监的共同批准如需报销请提供特批
MN011071,01,学术论坛,10,会议住宿费,71,报销范围_费用,根据SOP规定，学术论坛可报销费用有讲课费、餐饮、住宿费、场租和交通费,额外费用不予报销已为您扣除,根据SOP规定，学术论坛可报销费用有讲课费、餐饮、住宿费、场租和交通费额外费用不予报销已为您扣除
MN011101,01,学术论坛,11,会议杂项开支,01,个人卡支付,根据SOP规定，个人银行卡支付超过300元，需提供付款记录及带有持卡人姓名的个人卡照片或银行对账单,请提供,根据SOP规定，个人银行卡支付超过300元，需提供付款记录及带有持卡人姓名的个人卡照片或银行对账单请提供
MN011102,01,学术论坛,11,会议杂项开支,02,现金支付,"“微信零钱”、""支付宝花呗”及“京东白条”支付，系统付款类型应选择“现金”非“个人卡”，需驳回修改",已为您系统驳回，请重新提交完成业务审批流程后@通知审核员,"“微信零钱”、""支付宝花呗”及“京东白条”支付，系统付款类型应选择“现金”非“个人卡”，需驳回修改已为您系统驳回，请重新提交完成业务审批流程后@通知审核员"
MN011151,01,学术论坛,11,会议杂项开支,51,会议权限_学术论坛,根据SOP规定，学术论坛可举办的组织者岗位为地区业务销售经理及以上、市场、医学、临床运营、市场准入和商务，您无权限举办此类型会议,请提供逐级审批至部门负责人的授权邮件并抄送合规,根据SOP规定，学术论坛可举办的组织者岗位为地区业务销售经理及以上、市场、医学、临床运营、市场准入和商务，您无权限举办此类型会议请提供逐级审批至部门负责人的授权邮件并抄送合规
MN011152,01,学术论坛,11,会议杂项开支,52,会议议程_变更,学会活动变更会议时间、会议地点需提供企业微信变更流程或变更审批邮件,请提供,学会活动变更会议时间、会议地点需提供企业微信变更流程或变更审批邮件请提供
MN011153,01,学术论坛,11,会议杂项开支,53,会议议程_不一致,会议议程内容与系统填报的实际会议情况不一致,请确认并提供更新的会议议程,会议议程内容与系统填报的实际会议情况不一致请确认并提供更新的会议议程
MN011154,01,学术论坛,11,会议杂项开支,54,会议议程_不完整,会议议程需包含会议日期、会议开展时间、会议地点、会议内容、演讲主题和演讲人,请补充提供,会议议程需包含会议日期、会议开展时间、会议地点、会议内容、演讲主题和演讲人请补充提供
MN011155,01,学术论坛,11,会议杂项开支,55,会议议程_时长不足,根据SOP规定，学术论坛会议时长需≥ 半天（2-4H）,请确认,根据SOP规定，学术论坛会议时长需≥ 半天（2-4H）请确认
MN011156,01,学术论坛,11,会议杂项开支,56,会议地点_不得跨区,根据SOP规定，原则上若全部参会人来自同一城市，学术活动地点不应跨行政区域，特殊情况需得到上级直属领导事前审批,请提供,根据SOP规定，原则上若全部参会人来自同一城市，学术活动地点不应跨行政区域，特殊情况需得到上级直属领导事前审批请提供
MN011157,01,学术论坛,11,会议杂项开支,57,会议地点_禁止景区,根据SOP规定，禁止在景区名胜或铺张奢侈的地点举办或参加会议,不符合要求不予报销,根据SOP规定，禁止在景区名胜或铺张奢侈的地点举办或参加会议不符合要求不予报销
MN011158,01,学术论坛,11,会议杂项开支,58,会议地点_禁止场所,根据SOP规定，禁止在水疗会所、温泉、度假、滑雪、高尔夫、赌博、邮轮、洗浴中心、KTV娱乐及以以上为主业的场所举办学术活动或进行业务招待活动,不符合要求不予报销,根据SOP规定，禁止在水疗会所、温泉、度假、滑雪、高尔夫、赌博、邮轮、洗浴中心、KTV娱乐及以以上为主业的场所举办学术活动或进行业务招待活动不符合要求不予报销
MN011159,01,学术论坛,11,会议杂项开支,59,会议签到_系统人数不一致,系统实际内外部参会人数与签到表不一致,请确认实际内外部参会人数，并解释说明,系统实际内外部参会人数与签到表不一致请确认实际内外部参会人数，并解释说明
MN011160,01,学术论坛,11,会议杂项开支,60,会议签到_整场未电子签到,根据SOP规定，整场会议未使用电子签到单需提供逐级审批至部门负责人的审批邮件,请提供,根据SOP规定，整场会议未使用电子签到单需提供逐级审批至部门负责人的审批邮件请提供
MN011161,01,学术论坛,11,会议杂项开支,61,会议签到_缺线下签到原件,根据SOP规定，线下签到单原件需邮寄至我司,请将原件邮寄至我司，邮寄后提供快递单号,根据SOP规定，线下签到单原件需邮寄至我司请将原件邮寄至我司，邮寄后提供快递单号
MN011162,01,学术论坛,11,会议杂项开支,62,会议签到_线下签到缺审批,根据SOP规定，线下签到表下方的“负责与会医疗专业人士的内部员工签字（确认以上签字及备注属实）”和“直线经理签字（确认以上签字及代表说明复核公司要求）”需相应负责人签字,将为您寄回线下签到表，请补充签字后原件寄回我司,根据SOP规定，线下签到表下方的“负责与会医疗专业人士的内部员工签字（确认以上签字及备注属实）”和“直线经理签字（确认以上签字及代表说明复核公司要求）”需相应负责人签字将为您寄回线下签到表，请补充签字后原件寄回我司
MN011163,01,学术论坛,11,会议杂项开支,63,会议照片_缺水印,根据SOP规定，会议照片需使用水印相机拍摄活动现场照片，并注明活动时间、活动地点、活动主题,请补充提供，如不符合要求将不予报销,根据SOP规定，会议照片需使用水印相机拍摄活动现场照片，并注明活动时间、活动地点、活动主题请补充提供，如不符合要求将不予报销
MN011164,01,学术论坛,11,会议杂项开支,64,会议照片_缺会议主题,根据SOP规定，会议照片需体现并反映会议主题（如PPT标题、横幅、易拉宝等），且照片中的会议主题需清洗,请补充提供，如不符合要求将不予报销,根据SOP规定，会议照片需体现并反映会议主题（如PPT标题、横幅、易拉宝等），且照片中的会议主题需清洗请补充提供，如不符合要求将不予报销
MN011165,01,学术论坛,11,会议杂项开支,65,会议照片_缺付费讲者,根据SOP规定，付费讲者需提供正面清晰演讲照片，照片应体现付费讲者和一张会议幻灯稿同框的场景，要求可识别付费讲者并能体现所参加会议,请补充提供，如不符合要求将不予报销,根据SOP规定，付费讲者需提供正面清晰演讲照片，照片应体现付费讲者和一张会议幻灯稿同框的场景，要求可识别付费讲者并能体现所参加会议请补充提供，如不符合要求将不予报销
MN011166,01,学术论坛,11,会议杂项开支,66,会议照片_水印与议程不一致,根据SOP规定，会议照片水印所反映拍摄时间与会议议程相一致,请补充提供，如不符合要求将不予报销,根据SOP规定，会议照片水印所反映拍摄时间与会议议程相一致请补充提供，如不符合要求将不予报销
MN011167,01,学术论坛,11,会议杂项开支,67,会议照片_人数标准不符,根据SOP规定，学术论坛会议照片需显示50%及以上参会人员（内+外）,请补充提供，如不符合要求将不予报销,根据SOP规定，学术论坛会议照片需显示50%及以上参会人员（内+外）请补充提供，如不符合要求将不予报销
MN011168,01,学术论坛,11,会议杂项开支,68,会议人数_内部人数不符,根据SOP规定，学术论坛内部参会者不可少于2人（包含会议组织者）,请确认实际内部参会人数,根据SOP规定，学术论坛内部参会者不可少于2人（包含会议组织者）请确认实际内部参会人数
MN011169,01,学术论坛,11,会议杂项开支,69,会议人数_外部人数不符,根据SOP规定，学术论坛外部外部参会者可以跨城市、跨医院、跨科室的HCP共同参与，外部参会人数不少于5人,请确认实际外部参会人数,根据SOP规定，学术论坛外部外部参会者可以跨城市、跨医院、跨科室的HCP共同参与，外部参会人数不少于5人请确认实际外部参会人数
MN011170,01,学术论坛,11,会议杂项开支,70,报销范围_时效,根据SOP规定，原则上公司仅承担学术活动会议议程前后24小时内所产生的相关费用，例外事项需提供部门负责人及合规审计总监的共同批准,如需报销请提供特批,根据SOP规定，原则上公司仅承担学术活动会议议程前后24小时内所产生的相关费用，例外事项需提供部门负责人及合规审计总监的共同批准如需报销请提供特批
MN011171,01,学术论坛,11,会议杂项开支,71,报销范围_费用,根据SOP规定，学术论坛可报销费用有讲课费、餐饮、住宿费、场租和交通费,额外费用不予报销已为您扣除,根据SOP规定，学术论坛可报销费用有讲课费、餐饮、住宿费、场租和交通费额外费用不予报销已为您扣除
MN020101,02,患者教育,01,会议讲课费,01,非讲者库讲者,根据SOP规定，报销讲课费的讲者必须是讲者库中的讲者，且不能在会议结束后特批补入库,不符合要求不予支付讲课费,根据SOP规定，报销讲课费的讲者必须是讲者库中的讲者，且不能在会议结束后特批补入库不符合要求不予支付讲课费
MN020102,02,患者教育,01,会议讲课费,02,业务约定书不完整,根据SOP规定，业务约定书需完整正确的填写，并由HCP签字后将完整原件邮寄至我司,请提供,根据SOP规定，业务约定书需完整正确的填写，并由HCP签字后将完整原件邮寄至我司请提供
MN020103,02,患者教育,01,会议讲课费,03,讲者人数超标,根据SOP规定，支付讲课费的人数不应超过外部参会总人数的20%,请确认，并告知需扣除讲课费的HCP姓名,根据SOP规定，支付讲课费的人数不应超过外部参会总人数的20%请确认，并告知需扣除讲课费的HCP姓名
MN020104,02,患者教育,01,会议讲课费,04,讲者未全程参会,根据SOP规定，支付讲课费的专家需全程参会，并签到,请补充提供签到，不符合要求不予支付讲课费,根据SOP规定，支付讲课费的专家需全程参会，并签到请补充提供签到，不符合要求不予支付讲课费
MN020105,02,患者教育,01,会议讲课费,05,演讲时长不达标,根据SOP规定，患者教育HCP讲课时长需≥20分钟,不符合要求不予支付讲课费,根据SOP规定，患者教育HCP讲课时长需≥20分钟不符合要求不予支付讲课费
MN020106,02,患者教育,01,会议讲课费,06,线上患者听课时长,根据SOP规定，线上患者教育患者累计听课时长需≥10分钟,不符合要求不予支付讲课费,根据SOP规定，线上患者教育患者累计听课时长需≥10分钟不符合要求不予支付讲课费
MN020107,02,患者教育,01,会议讲课费,07,线下患者听课时长,根据SOP规定，线下患者教育患者需全程参加,不符合要求不予支付讲课费,根据SOP规定，线下患者教育患者需全程参加不符合要求不予支付讲课费
MN020108,02,患者教育,01,会议讲课费,08,混合患教听课时长,根据SOP规定，混合患者教育线上患者的累计听课时长需≥10分钟，线下患者需全程参加。,不符合要求不予支付讲课费,根据SOP规定，混合患者教育线上患者的累计听课时长需≥10分钟，线下患者需全程参加。不符合要求不予支付讲课费
MN020109,02,患者教育,01,会议讲课费,09,个人卡支付,根据SOP规定，个人银行卡支付超过300元，需提供付款记录及带有持卡人姓名的个人卡照片或银行对账单,请提供,根据SOP规定，个人银行卡支付超过300元，需提供付款记录及带有持卡人姓名的个人卡照片或银行对账单请提供
MN020110,02,患者教育,01,会议讲课费,10,现金支付,"“微信零钱”、""支付宝花呗”及“京东白条”支付，系统付款类型应选择“现金”非“个人卡”，需驳回修改",已为您系统驳回，请重新提交完成业务审批流程后@通知审核员,"“微信零钱”、""支付宝花呗”及“京东白条”支付，系统付款类型应选择“现金”非“个人卡”，需驳回修改已为您系统驳回，请重新提交完成业务审批流程后@通知审核员"
MN020151,02,患者教育,01,会议讲课费,51,会议权限_线上患教,根据SOP规定，线上患教可举办的组织者岗位为地区业务销售经理、医药代表、市场和商务，您无权限举办此类型会议,请提供逐级审批至部门负责人的授权邮件并抄送合规,根据SOP规定，线上患教可举办的组织者岗位为地区业务销售经理、医药代表、市场和商务，您无权限举办此类型会议请提供逐级审批至部门负责人的授权邮件并抄送合规
MN020152,02,患者教育,01,会议讲课费,52,会议权限_线下患教,根据SOP规定，线下患教可举办的组织者岗位为地区业务销售经理、市场和商务，您无权限举办此类型会议,请提供逐级审批至部门负责人的授权邮件并抄送合规,根据SOP规定，线下患教可举办的组织者岗位为地区业务销售经理、市场和商务，您无权限举办此类型会议请提供逐级审批至部门负责人的授权邮件并抄送合规
MN020153,02,患者教育,01,会议讲课费,53,会议权限_混合患教,根据SOP规定，混合患教可举办的组织者岗位为地区业务销售经理、市场和商务，您无权限举办此类型会议,请提供逐级审批至部门负责人的授权邮件并抄送合规,根据SOP规定，混合患教可举办的组织者岗位为地区业务销售经理、市场和商务，您无权限举办此类型会议请提供逐级审批至部门负责人的授权邮件并抄送合规
MN020154,02,患者教育,01,会议讲课费,54,会议议程_变更,学会活动变更会议时间、会议地点需提供企业微信变更流程或变更审批邮件,请提供,学会活动变更会议时间、会议地点需提供企业微信变更流程或变更审批邮件请提供
MN020155,02,患者教育,01,会议讲课费,55,会议议程_不一致,会议议程内容与系统填报的实际会议情况不一致,请确认并提供更新的会议议程,会议议程内容与系统填报的实际会议情况不一致请确认并提供更新的会议议程
MN020156,02,患者教育,01,会议讲课费,56,会议议程_不完整,会议议程需包含会议日期、会议开展时间、会议地点、会议内容、演讲主题和演讲人,请补充提供,会议议程需包含会议日期、会议开展时间、会议地点、会议内容、演讲主题和演讲人请补充提供
MN020157,02,患者教育,01,会议讲课费,57,会议议程_时长不足,根据SOP规定，患者教育HCP讲课时长需≥20分钟,请确认,根据SOP规定，患者教育HCP讲课时长需≥20分钟请确认
MN020158,02,患者教育,01,会议讲课费,58,会议地点_不得跨区,根据SOP规定，原则上若全部参会人来自同一城市，学术活动地点不应跨行政区域，特殊情况需得到上级直属领导事前审批,请提供,根据SOP规定，原则上若全部参会人来自同一城市，学术活动地点不应跨行政区域，特殊情况需得到上级直属领导事前审批请提供
MN020159,02,患者教育,01,会议讲课费,59,会议地点_禁止景区,根据SOP规定，禁止在景区名胜或铺张奢侈的地点举办或参加会议,不符合要求不予报销,根据SOP规定，禁止在景区名胜或铺张奢侈的地点举办或参加会议不符合要求不予报销
MN020160,02,患者教育,01,会议讲课费,60,会议地点_禁止场所,根据SOP规定，禁止在水疗会所、温泉、度假、滑雪、高尔夫、赌博、邮轮、洗浴中心、KTV娱乐及以以上为主业的场所举办学术活动或进行业务招待活动,不符合要求不予报销,根据SOP规定，禁止在水疗会所、温泉、度假、滑雪、高尔夫、赌博、邮轮、洗浴中心、KTV娱乐及以以上为主业的场所举办学术活动或进行业务招待活动不符合要求不予报销
MN020161,02,患者教育,01,会议讲课费,61,会议签到_系统人数不一致,系统实际内外部参会人数与签到表不一致,请确认实际内外部参会人数，并解释说明,系统实际内外部参会人数与签到表不一致请确认实际内外部参会人数，并解释说明
MN020162,02,患者教育,01,会议讲课费,62,会议签到_整场未电子签到,根据SOP规定，整场会议未使用电子签到单需提供逐级审批至部门负责人的审批邮件,请提供,根据SOP规定，整场会议未使用电子签到单需提供逐级审批至部门负责人的审批邮件请提供
MN020163,02,患者教育,01,会议讲课费,63,会议签到_缺线下签到原件,根据SOP规定，线下签到单原件需邮寄至我司,请将原件邮寄至我司，邮寄后提供快递单号,根据SOP规定，线下签到单原件需邮寄至我司请将原件邮寄至我司，邮寄后提供快递单号
MN020164,02,患者教育,01,会议讲课费,64,会议签到_线下签到缺审批,根据SOP规定，线下签到表下方的“负责与会医疗专业人士的内部员工签字（确认以上签字及备注属实）”和“直线经理签字（确认以上签字及代表说明复核公司要求）”需相应负责人签字,将为您寄回线下签到表，请补充签字后原件寄回我司,根据SOP规定，线下签到表下方的“负责与会医疗专业人士的内部员工签字（确认以上签字及备注属实）”和“直线经理签字（确认以上签字及代表说明复核公司要求）”需相应负责人签字将为您寄回线下签到表，请补充签字后原件寄回我司
MN020165,02,患者教育,01,会议讲课费,65,会议照片_缺照片水印,根据SOP规定，线下患教会议照片需使用水印相机拍摄活动现场照片，并注明活动时间、活动地点、活动主题,请补充提供，如不符合要求将不予报销,根据SOP规定，线下患教会议照片需使用水印相机拍摄活动现场照片，并注明活动时间、活动地点、活动主题请补充提供，如不符合要求将不予报销
MN020166,02,患者教育,01,会议讲课费,66,会议照片_缺会议主题,根据SOP规定，会议照片需体现并反映会议主题（如PPT标题、横幅、易拉宝等），且照片中的会议主题需清洗,请补充提供，如不符合要求将不予报销,根据SOP规定，会议照片需体现并反映会议主题（如PPT标题、横幅、易拉宝等），且照片中的会议主题需清洗请补充提供，如不符合要求将不予报销
MN020167,02,患者教育,01,会议讲课费,67,会议照片_缺付费讲者,根据SOP规定，付费讲者需提供正面清晰演讲照片，照片应体现付费讲者和一张会议幻灯稿同框的场景，要求可识别付费讲者并能体现所参加会议,请补充提供，如不符合要求将不予报销,根据SOP规定，付费讲者需提供正面清晰演讲照片，照片应体现付费讲者和一张会议幻灯稿同框的场景，要求可识别付费讲者并能体现所参加会议请补充提供，如不符合要求将不予报销
MN020168,02,患者教育,01,会议讲课费,68,会议照片_水印与议程不一致,根据SOP规定，会议照片水印所反映拍摄时间与会议议程相一致,请补充提供，如不符合要求将不予报销,根据SOP规定，会议照片水印所反映拍摄时间与会议议程相一致请补充提供，如不符合要求将不予报销
MN020169,02,患者教育,01,会议讲课费,69,会议照片_线下会议人数标准不符,根据SOP规定，线下患者教育会议照片需显示50%参会人员（内+外）,请补充提供，如不符合要求将不予报销,根据SOP规定，线下患者教育会议照片需显示50%参会人员（内+外）请补充提供，如不符合要求将不予报销
MN020170,02,患者教育,01,会议讲课费,70,会议照片_缺线上会议截图,根据SOP规定，线上患者教育会议照片需显示课件名称及讲者画面,请补充提供，如不符合要求将不予报销,根据SOP规定，线上患者教育会议照片需显示课件名称及讲者画面请补充提供，如不符合要求将不予报销
MN020171,02,患者教育,01,会议讲课费,71,会议人数_内部人数不符,根据SOP规定，患者教育内部参会者需≥1人（包含会议组织者）,请确认实际内部参会人数,根据SOP规定，患者教育内部参会者需≥1人（包含会议组织者）请确认实际内部参会人数
MN020172,02,患者教育,01,会议讲课费,72,会议人数_外部人数不符,根据SOP规定，患者教育外部参会者需≥5人,请确认实际外部参会人数,根据SOP规定，患者教育外部参会者需≥5人请确认实际外部参会人数
MN020173,02,患者教育,01,会议讲课费,73,报销范围_时效,根据SOP规定，原则上公司仅承担学术活动会议议程前后24小时内所产生的相关费用，例外事项需提供部门负责人及合规审计总监的共同批准,如需报销请提供特批,根据SOP规定，原则上公司仅承担学术活动会议议程前后24小时内所产生的相关费用，例外事项需提供部门负责人及合规审计总监的共同批准如需报销请提供特批
MN020174,02,患者教育,01,会议讲课费,74,报销范围_费用,根据SOP规定，患者教育可报销费用有讲课费、餐饮、交通,额外费用不予报销已为您扣除,根据SOP规定，患者教育可报销费用有讲课费、餐饮、交通额外费用不予报销已为您扣除
MN020201,02,患者教育,02,会议餐费,01,缺餐厅门头照,根据SOP规定，会议餐费需提供餐厅门头照,请提供,根据SOP规定，会议餐费需提供餐厅门头照请提供
MN020202,02,患者教育,02,会议餐费,02,餐费与会议时间不相连,根据SOP规定，会议餐费用餐时间应与会议时间相连，且与正常午餐或晚餐时间相近,请解释说明,根据SOP规定，会议餐费用餐时间应与会议时间相连，且与正常午餐或晚餐时间相近请解释说明
MN020203,02,患者教育,02,会议餐费,03,会议餐费超人均,根据SOP规定，会议餐费，不应超过人均 300 元。如有超过上述标准的特殊情况，需获得部门负责人的审批,请提供,根据SOP规定，会议餐费，不应超过人均 300 元。如有超过上述标准的特殊情况，需获得部门负责人的审批请提供
MN020204,02,患者教育,02,会议餐费,04,缺少水单,根据SOP规定，会议餐费≥300元，需提供水单明细,请将水单原件邮寄至我司，并将水单照片或扫描件补充上传至评论区,根据SOP规定，会议餐费≥300元，需提供水单明细请将水单原件邮寄至我司，并将水单照片或扫描件补充上传至评论区
MN020205,02,患者教育,02,会议餐费,05,个人卡支付,根据SOP规定，个人银行卡支付超过300元，需提供付款记录及带有持卡人姓名的个人卡照片或银行对账单,请提供,根据SOP规定，个人银行卡支付超过300元，需提供付款记录及带有持卡人姓名的个人卡照片或银行对账单请提供
MN020206,02,患者教育,02,会议餐费,06,现金支付,"“微信零钱”、""支付宝花呗”及“京东白条”支付，系统付款类型应选择“现金”非“个人卡”，需驳回修改",已为您系统驳回，请重新提交完成业务审批流程后@通知审核员,"“微信零钱”、""支付宝花呗”及“京东白条”支付，系统付款类型应选择“现金”非“个人卡”，需驳回修改已为您系统驳回，请重新提交完成业务审批流程后@通知审核员"
MN020251,02,患者教育,02,会议餐费,51,会议权限_线上患教,根据SOP规定，线上患教可举办的组织者岗位为地区业务销售经理、医药代表、市场和商务，您无权限举办此类型会议,请提供逐级审批至部门负责人的授权邮件并抄送合规,根据SOP规定，线上患教可举办的组织者岗位为地区业务销售经理、医药代表、市场和商务，您无权限举办此类型会议请提供逐级审批至部门负责人的授权邮件并抄送合规
MN020252,02,患者教育,02,会议餐费,52,会议权限_线下患教,根据SOP规定，线下患教可举办的组织者岗位为地区业务销售经理、市场和商务，您无权限举办此类型会议,请提供逐级审批至部门负责人的授权邮件并抄送合规,根据SOP规定，线下患教可举办的组织者岗位为地区业务销售经理、市场和商务，您无权限举办此类型会议请提供逐级审批至部门负责人的授权邮件并抄送合规
MN020253,02,患者教育,02,会议餐费,53,会议权限_混合患教,根据SOP规定，混合患教可举办的组织者岗位为地区业务销售经理、市场和商务，您无权限举办此类型会议,请提供逐级审批至部门负责人的授权邮件并抄送合规,根据SOP规定，混合患教可举办的组织者岗位为地区业务销售经理、市场和商务，您无权限举办此类型会议请提供逐级审批至部门负责人的授权邮件并抄送合规
MN020254,02,患者教育,02,会议餐费,54,会议议程_变更,学会活动变更会议时间、会议地点需提供企业微信变更流程或变更审批邮件,请提供,学会活动变更会议时间、会议地点需提供企业微信变更流程或变更审批邮件请提供
MN020255,02,患者教育,02,会议餐费,55,会议议程_不一致,会议议程内容与系统填报的实际会议情况不一致,请确认并提供更新的会议议程,会议议程内容与系统填报的实际会议情况不一致请确认并提供更新的会议议程
MN020256,02,患者教育,02,会议餐费,56,会议议程_不完整,会议议程需包含会议日期、会议开展时间、会议地点、会议内容、演讲主题和演讲人,请补充提供,会议议程需包含会议日期、会议开展时间、会议地点、会议内容、演讲主题和演讲人请补充提供
MN020257,02,患者教育,02,会议餐费,57,会议议程_时长不足,根据SOP规定，患者教育HCP讲课时长需≥20分钟,请确认,根据SOP规定，患者教育HCP讲课时长需≥20分钟请确认
MN020258,02,患者教育,02,会议餐费,58,会议地点_不得跨区,根据SOP规定，原则上若全部参会人来自同一城市，学术活动地点不应跨行政区域，特殊情况需得到上级直属领导事前审批,请提供,根据SOP规定，原则上若全部参会人来自同一城市，学术活动地点不应跨行政区域，特殊情况需得到上级直属领导事前审批请提供
MN020259,02,患者教育,02,会议餐费,59,会议地点_禁止景区,根据SOP规定，禁止在景区名胜或铺张奢侈的地点举办或参加会议,不符合要求不予报销,根据SOP规定，禁止在景区名胜或铺张奢侈的地点举办或参加会议不符合要求不予报销
MN020260,02,患者教育,02,会议餐费,60,会议地点_禁止场所,根据SOP规定，禁止在水疗会所、温泉、度假、滑雪、高尔夫、赌博、邮轮、洗浴中心、KTV娱乐及以以上为主业的场所举办学术活动或进行业务招待活动,不符合要求不予报销,根据SOP规定，禁止在水疗会所、温泉、度假、滑雪、高尔夫、赌博、邮轮、洗浴中心、KTV娱乐及以以上为主业的场所举办学术活动或进行业务招待活动不符合要求不予报销
MN020261,02,患者教育,02,会议餐费,61,会议签到_系统人数不一致,系统实际内外部参会人数与签到表不一致,请确认实际内外部参会人数，并解释说明,系统实际内外部参会人数与签到表不一致请确认实际内外部参会人数，并解释说明
MN020262,02,患者教育,02,会议餐费,62,会议签到_整场未电子签到,根据SOP规定，整场会议未使用电子签到单需提供逐级审批至部门负责人的审批邮件,请提供,根据SOP规定，整场会议未使用电子签到单需提供逐级审批至部门负责人的审批邮件请提供
MN020263,02,患者教育,02,会议餐费,63,会议签到_缺线下签到原件,根据SOP规定，线下签到单原件需邮寄至我司,请将原件邮寄至我司，邮寄后提供快递单号,根据SOP规定，线下签到单原件需邮寄至我司请将原件邮寄至我司，邮寄后提供快递单号
MN020264,02,患者教育,02,会议餐费,64,会议签到_线下签到缺审批,根据SOP规定，线下签到表下方的“负责与会医疗专业人士的内部员工签字（确认以上签字及备注属实）”和“直线经理签字（确认以上签字及代表说明复核公司要求）”需相应负责人签字,将为您寄回线下签到表，请补充签字后原件寄回我司,根据SOP规定，线下签到表下方的“负责与会医疗专业人士的内部员工签字（确认以上签字及备注属实）”和“直线经理签字（确认以上签字及代表说明复核公司要求）”需相应负责人签字将为您寄回线下签到表，请补充签字后原件寄回我司
MN020265,02,患者教育,02,会议餐费,65,会议照片_缺照片水印,根据SOP规定，线下患教会议照片需使用水印相机拍摄活动现场照片，并注明活动时间、活动地点、活动主题,请补充提供，如不符合要求将不予报销,根据SOP规定，线下患教会议照片需使用水印相机拍摄活动现场照片，并注明活动时间、活动地点、活动主题请补充提供，如不符合要求将不予报销
MN020266,02,患者教育,02,会议餐费,66,会议照片_缺会议主题,根据SOP规定，会议照片需体现并反映会议主题（如PPT标题、横幅、易拉宝等），且照片中的会议主题需清洗,请补充提供，如不符合要求将不予报销,根据SOP规定，会议照片需体现并反映会议主题（如PPT标题、横幅、易拉宝等），且照片中的会议主题需清洗请补充提供，如不符合要求将不予报销
MN020267,02,患者教育,02,会议餐费,67,会议照片_缺付费讲者,根据SOP规定，付费讲者需提供正面清晰演讲照片，照片应体现付费讲者和一张会议幻灯稿同框的场景，要求可识别付费讲者并能体现所参加会议,请补充提供，如不符合要求将不予报销,根据SOP规定，付费讲者需提供正面清晰演讲照片，照片应体现付费讲者和一张会议幻灯稿同框的场景，要求可识别付费讲者并能体现所参加会议请补充提供，如不符合要求将不予报销
MN020268,02,患者教育,02,会议餐费,68,会议照片_水印与议程不一致,根据SOP规定，会议照片水印所反映拍摄时间与会议议程相一致,请补充提供，如不符合要求将不予报销,根据SOP规定，会议照片水印所反映拍摄时间与会议议程相一致请补充提供，如不符合要求将不予报销
MN020269,02,患者教育,02,会议餐费,69,会议照片_线下会议人数标准不符,根据SOP规定，线下患者教育会议照片需显示50%参会人员（内+外）,请补充提供，如不符合要求将不予报销,根据SOP规定，线下患者教育会议照片需显示50%参会人员（内+外）请补充提供，如不符合要求将不予报销
MN020270,02,患者教育,02,会议餐费,70,会议照片_缺线上会议截图,根据SOP规定，线上患者教育会议照片需显示课件名称及讲者画面,请补充提供，如不符合要求将不予报销,根据SOP规定，线上患者教育会议照片需显示课件名称及讲者画面请补充提供，如不符合要求将不予报销
MN020271,02,患者教育,02,会议餐费,71,会议人数_内部人数不符,根据SOP规定，患者教育内部参会者需≥1人（包含会议组织者）,请确认实际内部参会人数,根据SOP规定，患者教育内部参会者需≥1人（包含会议组织者）请确认实际内部参会人数
MN020272,02,患者教育,02,会议餐费,72,会议人数_外部人数不符,根据SOP规定，患者教育外部参会者需≥5人,请确认实际外部参会人数,根据SOP规定，患者教育外部参会者需≥5人请确认实际外部参会人数
MN020273,02,患者教育,02,会议餐费,73,报销范围_时效,根据SOP规定，原则上公司仅承担学术活动会议议程前后24小时内所产生的相关费用，例外事项需提供部门负责人及合规审计总监的共同批准,如需报销请提供特批,根据SOP规定，原则上公司仅承担学术活动会议议程前后24小时内所产生的相关费用，例外事项需提供部门负责人及合规审计总监的共同批准如需报销请提供特批
MN020274,02,患者教育,02,会议餐费,74,报销范围_费用,根据SOP规定，患者教育可报销费用有讲课费、餐饮、交通,额外费用不予报销已为您扣除,根据SOP规定，患者教育可报销费用有讲课费、餐饮、交通额外费用不予报销已为您扣除
MN020601,02,患者教育,06,会议茶歇,01,无会议的茶歇,根据SOP规定，会议茶歇不得独立于会议之外提供,请解释说明,根据SOP规定，会议茶歇不得独立于会议之外提供请解释说明
MN020602,02,患者教育,06,会议茶歇,02,超市、商场或水果市场购买费用,根据SOP规定，超市、商场或水果市场购买的费用，需要提供明细,请提供,根据SOP规定，超市、商场或水果市场购买的费用，需要提供明细请提供
MN020603,02,患者教育,06,会议茶歇,03,个人卡支付,根据SOP规定，个人银行卡支付超过300元，需提供付款记录及带有持卡人姓名的个人卡照片或银行对账单,请提供,根据SOP规定，个人银行卡支付超过300元，需提供付款记录及带有持卡人姓名的个人卡照片或银行对账单请提供
MN020604,02,患者教育,06,会议茶歇,04,现金支付,"“微信零钱”、""支付宝花呗”及“京东白条”支付，系统付款类型应选择“现金”非“个人卡”，需驳回修改",已为您系统驳回，请重新提交完成业务审批流程后@通知审核员,"“微信零钱”、""支付宝花呗”及“京东白条”支付，系统付款类型应选择“现金”非“个人卡”，需驳回修改已为您系统驳回，请重新提交完成业务审批流程后@通知审核员"
MN020651,02,患者教育,06,会议茶歇,51,会议权限_线上患教,根据SOP规定，线上患教可举办的组织者岗位为地区业务销售经理、医药代表、市场和商务，您无权限举办此类型会议,请提供逐级审批至部门负责人的授权邮件并抄送合规,根据SOP规定，线上患教可举办的组织者岗位为地区业务销售经理、医药代表、市场和商务，您无权限举办此类型会议请提供逐级审批至部门负责人的授权邮件并抄送合规
MN020652,02,患者教育,06,会议茶歇,52,会议权限_线下患教,根据SOP规定，线下患教可举办的组织者岗位为地区业务销售经理、市场和商务，您无权限举办此类型会议,请提供逐级审批至部门负责人的授权邮件并抄送合规,根据SOP规定，线下患教可举办的组织者岗位为地区业务销售经理、市场和商务，您无权限举办此类型会议请提供逐级审批至部门负责人的授权邮件并抄送合规
MN020653,02,患者教育,06,会议茶歇,53,会议权限_混合患教,根据SOP规定，混合患教可举办的组织者岗位为地区业务销售经理、市场和商务，您无权限举办此类型会议,请提供逐级审批至部门负责人的授权邮件并抄送合规,根据SOP规定，混合患教可举办的组织者岗位为地区业务销售经理、市场和商务，您无权限举办此类型会议请提供逐级审批至部门负责人的授权邮件并抄送合规
MN020654,02,患者教育,06,会议茶歇,54,会议议程_变更,学会活动变更会议时间、会议地点需提供企业微信变更流程或变更审批邮件,请提供,学会活动变更会议时间、会议地点需提供企业微信变更流程或变更审批邮件请提供
MN020655,02,患者教育,06,会议茶歇,55,会议议程_不一致,会议议程内容与系统填报的实际会议情况不一致,请确认并提供更新的会议议程,会议议程内容与系统填报的实际会议情况不一致请确认并提供更新的会议议程
MN020656,02,患者教育,06,会议茶歇,56,会议议程_不完整,会议议程需包含会议日期、会议开展时间、会议地点、会议内容、演讲主题和演讲人,请补充提供,会议议程需包含会议日期、会议开展时间、会议地点、会议内容、演讲主题和演讲人请补充提供
MN020657,02,患者教育,06,会议茶歇,57,会议议程_时长不足,根据SOP规定，患者教育HCP讲课时长需≥20分钟,请确认,根据SOP规定，患者教育HCP讲课时长需≥20分钟请确认
MN020658,02,患者教育,06,会议茶歇,58,会议地点_不得跨区,根据SOP规定，原则上若全部参会人来自同一城市，学术活动地点不应跨行政区域，特殊情况需得到上级直属领导事前审批,请提供,根据SOP规定，原则上若全部参会人来自同一城市，学术活动地点不应跨行政区域，特殊情况需得到上级直属领导事前审批请提供
MN020659,02,患者教育,06,会议茶歇,59,会议地点_禁止景区,根据SOP规定，禁止在景区名胜或铺张奢侈的地点举办或参加会议,不符合要求不予报销,根据SOP规定，禁止在景区名胜或铺张奢侈的地点举办或参加会议不符合要求不予报销
MN020660,02,患者教育,06,会议茶歇,60,会议地点_禁止场所,根据SOP规定，禁止在水疗会所、温泉、度假、滑雪、高尔夫、赌博、邮轮、洗浴中心、KTV娱乐及以以上为主业的场所举办学术活动或进行业务招待活动,不符合要求不予报销,根据SOP规定，禁止在水疗会所、温泉、度假、滑雪、高尔夫、赌博、邮轮、洗浴中心、KTV娱乐及以以上为主业的场所举办学术活动或进行业务招待活动不符合要求不予报销
MN020661,02,患者教育,06,会议茶歇,61,会议签到_系统人数不一致,系统实际内外部参会人数与签到表不一致,请确认实际内外部参会人数，并解释说明,系统实际内外部参会人数与签到表不一致请确认实际内外部参会人数，并解释说明
MN020662,02,患者教育,06,会议茶歇,62,会议签到_整场未电子签到,根据SOP规定，整场会议未使用电子签到单需提供逐级审批至部门负责人的审批邮件,请提供,根据SOP规定，整场会议未使用电子签到单需提供逐级审批至部门负责人的审批邮件请提供
MN020663,02,患者教育,06,会议茶歇,63,会议签到_缺线下签到原件,根据SOP规定，线下签到单原件需邮寄至我司,请将原件邮寄至我司，邮寄后提供快递单号,根据SOP规定，线下签到单原件需邮寄至我司请将原件邮寄至我司，邮寄后提供快递单号
MN020664,02,患者教育,06,会议茶歇,64,会议签到_线下签到缺审批,根据SOP规定，线下签到表下方的“负责与会医疗专业人士的内部员工签字（确认以上签字及备注属实）”和“直线经理签字（确认以上签字及代表说明复核公司要求）”需相应负责人签字,将为您寄回线下签到表，请补充签字后原件寄回我司,根据SOP规定，线下签到表下方的“负责与会医疗专业人士的内部员工签字（确认以上签字及备注属实）”和“直线经理签字（确认以上签字及代表说明复核公司要求）”需相应负责人签字将为您寄回线下签到表，请补充签字后原件寄回我司
MN020665,02,患者教育,06,会议茶歇,65,会议照片_缺照片水印,根据SOP规定，线下患教会议照片需使用水印相机拍摄活动现场照片，并注明活动时间、活动地点、活动主题,请补充提供，如不符合要求将不予报销,根据SOP规定，线下患教会议照片需使用水印相机拍摄活动现场照片，并注明活动时间、活动地点、活动主题请补充提供，如不符合要求将不予报销
MN020666,02,患者教育,06,会议茶歇,66,会议照片_缺会议主题,根据SOP规定，会议照片需体现并反映会议主题（如PPT标题、横幅、易拉宝等），且照片中的会议主题需清洗,请补充提供，如不符合要求将不予报销,根据SOP规定，会议照片需体现并反映会议主题（如PPT标题、横幅、易拉宝等），且照片中的会议主题需清洗请补充提供，如不符合要求将不予报销
MN020667,02,患者教育,06,会议茶歇,67,会议照片_缺付费讲者,根据SOP规定，付费讲者需提供正面清晰演讲照片，照片应体现付费讲者和一张会议幻灯稿同框的场景，要求可识别付费讲者并能体现所参加会议,请补充提供，如不符合要求将不予报销,根据SOP规定，付费讲者需提供正面清晰演讲照片，照片应体现付费讲者和一张会议幻灯稿同框的场景，要求可识别付费讲者并能体现所参加会议请补充提供，如不符合要求将不予报销
MN020668,02,患者教育,06,会议茶歇,68,会议照片_水印与议程不一致,根据SOP规定，会议照片水印所反映拍摄时间与会议议程相一致,请补充提供，如不符合要求将不予报销,根据SOP规定，会议照片水印所反映拍摄时间与会议议程相一致请补充提供，如不符合要求将不予报销
MN020669,02,患者教育,06,会议茶歇,69,会议照片_线下会议人数标准不符,根据SOP规定，线下患者教育会议照片需显示50%参会人员（内+外）,请补充提供，如不符合要求将不予报销,根据SOP规定，线下患者教育会议照片需显示50%参会人员（内+外）请补充提供，如不符合要求将不予报销
MN020670,02,患者教育,06,会议茶歇,70,会议照片_缺线上会议截图,根据SOP规定，线上患者教育会议照片需显示课件名称及讲者画面,请补充提供，如不符合要求将不予报销,根据SOP规定，线上患者教育会议照片需显示课件名称及讲者画面请补充提供，如不符合要求将不予报销
MN020671,02,患者教育,06,会议茶歇,71,会议人数_内部人数不符,根据SOP规定，患者教育内部参会者需≥1人（包含会议组织者）,请确认实际内部参会人数,根据SOP规定，患者教育内部参会者需≥1人（包含会议组织者）请确认实际内部参会人数
MN020672,02,患者教育,06,会议茶歇,72,会议人数_外部人数不符,根据SOP规定，患者教育外部参会者需≥5人,请确认实际外部参会人数,根据SOP规定，患者教育外部参会者需≥5人请确认实际外部参会人数
MN020673,02,患者教育,06,会议茶歇,73,报销范围_时效,根据SOP规定，原则上公司仅承担学术活动会议议程前后24小时内所产生的相关费用，例外事项需提供部门负责人及合规审计总监的共同批准,如需报销请提供特批,根据SOP规定，原则上公司仅承担学术活动会议议程前后24小时内所产生的相关费用，例外事项需提供部门负责人及合规审计总监的共同批准如需报销请提供特批
MN020674,02,患者教育,06,会议茶歇,74,报销范围_费用,根据SOP规定，患者教育可报销费用有讲课费、餐饮、交通,额外费用不予报销已为您扣除,根据SOP规定，患者教育可报销费用有讲课费、餐饮、交通额外费用不予报销已为您扣除
MN030201,03,院内会,02,会议餐费,01,缺餐厅门头照,根据SOP规定，会议餐费需提供餐厅门头照,请提供,根据SOP规定，会议餐费需提供餐厅门头照请提供
MN030202,03,院内会,02,会议餐费,02,餐费与会议时间不相连,根据SOP规定，会议餐费用餐时间应与会议时间相连，且与正常午餐或晚餐时间相近,请解释说明,根据SOP规定，会议餐费用餐时间应与会议时间相连，且与正常午餐或晚餐时间相近请解释说明
MN030203,03,院内会,02,会议餐费,03,会议餐费超人均,根据SOP规定，院内会会议餐费，不应超过人均 100元。如有超过上述标准的特殊情况，需获得部门负责人和合规部负责人的审批,请提供,根据SOP规定，院内会会议餐费，不应超过人均 100元。如有超过上述标准的特殊情况，需获得部门负责人和合规部负责人的审批请提供
MN030204,03,院内会,02,会议餐费,04,缺少水单,根据SOP规定，会议餐费≥300元，需提供水单明细,请将水单原件邮寄至我司，并将水单照片或扫描件补充上传至评论区,根据SOP规定，会议餐费≥300元，需提供水单明细请将水单原件邮寄至我司，并将水单照片或扫描件补充上传至评论区
MN030205,03,院内会,02,会议餐费,05,个人卡支付,根据SOP规定，个人银行卡支付超过300元，需提供付款记录及带有持卡人姓名的个人卡照片或银行对账单,请提供,根据SOP规定，个人银行卡支付超过300元，需提供付款记录及带有持卡人姓名的个人卡照片或银行对账单请提供
MN030206,03,院内会,02,会议餐费,06,现金支付,"“微信零钱”、""支付宝花呗”及“京东白条”支付，系统付款类型应选择“现金”非“个人卡”，需驳回修改",已为您系统驳回，请重新提交完成业务审批流程后@通知审核员,"“微信零钱”、""支付宝花呗”及“京东白条”支付，系统付款类型应选择“现金”非“个人卡”，需驳回修改已为您系统驳回，请重新提交完成业务审批流程后@通知审核员"
MN030251,03,院内会,02,会议餐费,51,会议权限_院内会,根据SOP规定，院内会可举办的组织者岗位为医药代表、地区业务销售经理，您无权限举办此类型会议,请提供逐级审批至部门负责人的授权邮件并抄送合规,根据SOP规定，院内会可举办的组织者岗位为医药代表、地区业务销售经理，您无权限举办此类型会议请提供逐级审批至部门负责人的授权邮件并抄送合规
MN030252,03,院内会,02,会议餐费,52,会议议程_变更,学会活动变更会议时间、会议地点需提供企业微信变更流程或变更审批邮件,请提供,学会活动变更会议时间、会议地点需提供企业微信变更流程或变更审批邮件请提供
MN030253,03,院内会,02,会议餐费,53,会议议程_不一致,会议议程内容与系统填报的实际会议情况不一致,请确认并提供更新的会议议程,会议议程内容与系统填报的实际会议情况不一致请确认并提供更新的会议议程
MN030254,03,院内会,02,会议餐费,54,会议议程_不完整,会议议程需包含会议日期、会议开展时间、会议地点、会议内容、演讲主题和演讲人,请补充提供,会议议程需包含会议日期、会议开展时间、会议地点、会议内容、演讲主题和演讲人请补充提供
MN030255,03,院内会,02,会议餐费,55,会议议程_时长不足,根据SOP规定，院内会会议时长需≥20分钟,请确认,根据SOP规定，院内会会议时长需≥20分钟请确认
MN030256,03,院内会,02,会议餐费,56,会议地点_限院内,根据SOP规定，院内会地点仅限院内，不复核要求不予报销,已为您扣除,根据SOP规定，院内会地点仅限院内，不复核要求不予报销已为您扣除
MN030257,03,院内会,02,会议餐费,57,会议签到_系统人数不一致,系统实际内外部参会人数与签到表不一致,请确认实际内外部参会人数，并解释说明,系统实际内外部参会人数与签到表不一致请确认实际内外部参会人数，并解释说明
MN030258,03,院内会,02,会议餐费,58,会议签到_整场未电子签到,根据SOP规定，整场会议未使用电子签到单需提供逐级审批至部门负责人的审批邮件,请提供,根据SOP规定，整场会议未使用电子签到单需提供逐级审批至部门负责人的审批邮件请提供
MN030259,03,院内会,02,会议餐费,59,会议签到_缺线下签到原件,根据SOP规定，线下签到单原件需邮寄至我司,请将原件邮寄至我司，邮寄后提供快递单号,根据SOP规定，线下签到单原件需邮寄至我司请将原件邮寄至我司，邮寄后提供快递单号
MN030260,03,院内会,02,会议餐费,60,会议签到_线下签到缺审批,根据SOP规定，线下签到表下方的“负责与会医疗专业人士的内部员工签字（确认以上签字及备注属实）”和“直线经理签字（确认以上签字及代表说明复核公司要求）”需相应负责人签字,将为您寄回线下签到表，请补充签字后原件寄回我司,根据SOP规定，线下签到表下方的“负责与会医疗专业人士的内部员工签字（确认以上签字及备注属实）”和“直线经理签字（确认以上签字及代表说明复核公司要求）”需相应负责人签字将为您寄回线下签到表，请补充签字后原件寄回我司
MN030261,03,院内会,02,会议餐费,61,会议照片_缺水印,根据SOP规定，会议照片需使用水印相机拍摄活动现场照片，并注明活动时间、活动地点、活动主题,请补充提供，如不符合要求将不予报销,根据SOP规定，会议照片需使用水印相机拍摄活动现场照片，并注明活动时间、活动地点、活动主题请补充提供，如不符合要求将不予报销
MN030262,03,院内会,02,会议餐费,62,会议照片_缺会议主题,根据SOP规定，会议照片需体现并反映会议主题（如PPT标题、横幅、易拉宝等），且照片中的会议主题需清洗,请补充提供，如不符合要求将不予报销,根据SOP规定，会议照片需体现并反映会议主题（如PPT标题、横幅、易拉宝等），且照片中的会议主题需清洗请补充提供，如不符合要求将不予报销
MN030263,03,院内会,02,会议餐费,63,会议照片_缺付费讲者,根据SOP规定，付费讲者需提供正面清晰演讲照片，照片应体现付费讲者和一张会议幻灯稿同框的场景，要求可识别付费讲者并能体现所参加会议,请补充提供，如不符合要求将不予报销,根据SOP规定，付费讲者需提供正面清晰演讲照片，照片应体现付费讲者和一张会议幻灯稿同框的场景，要求可识别付费讲者并能体现所参加会议请补充提供，如不符合要求将不予报销
MN030264,03,院内会,02,会议餐费,64,会议照片_水印与议程不一致,根据SOP规定，会议照片水印所反映拍摄时间与会议议程相一致,请补充提供，如不符合要求将不予报销,根据SOP规定，会议照片水印所反映拍摄时间与会议议程相一致请补充提供，如不符合要求将不予报销
MN030265,03,院内会,02,会议餐费,65,会议照片_人数标准不符,根据SOP规定，院内会会议照片需显示100%外部参会人员,请补充提供，如不符合要求将不予报销,根据SOP规定，院内会会议照片需显示100%外部参会人员请补充提供，如不符合要求将不予报销
MN030266,03,院内会,02,会议餐费,66,会议人数_内部人数不符,根据SOP规定，院内会内部参会者需≥1人（含会议组织者）,请确认实际内部参会人数,根据SOP规定，院内会内部参会者需≥1人（含会议组织者）请确认实际内部参会人数
MN030267,03,院内会,02,会议餐费,67,报销范围_时效,根据SOP规定，原则上公司仅承担学术活动会议议程前后24小时内所产生的相关费用，例外事项需提供部门负责人及合规审计总监的共同批准,如需报销请提供特批,根据SOP规定，原则上公司仅承担学术活动会议议程前后24小时内所产生的相关费用，例外事项需提供部门负责人及合规审计总监的共同批准如需报销请提供特批
MN030268,03,院内会,02,会议餐费,68,报销范围_费用,根据SOP规定，院内会仅允许报销会议餐饮费,额外费用不予报销已为您扣除,根据SOP规定，院内会仅允许报销会议餐饮费额外费用不予报销已为您扣除
MN030601,03,院内会,06,会议茶歇,01,会议茶歇超人均,根据SOP规定，院内会议茶歇与会议餐费合计金额，不应超过人均 100元。如有超过上述标准的特殊情况，需获得部门负责人和合规部负责人的审批,请提供,根据SOP规定，院内会议茶歇与会议餐费合计金额，不应超过人均 100元。如有超过上述标准的特殊情况，需获得部门负责人和合规部负责人的审批请提供
MN030602,03,院内会,06,会议茶歇,02,个人卡支付,根据SOP规定，个人银行卡支付超过300元，需提供付款记录及带有持卡人姓名的个人卡照片或银行对账单,请提供,根据SOP规定，个人银行卡支付超过300元，需提供付款记录及带有持卡人姓名的个人卡照片或银行对账单请提供
MN030603,03,院内会,06,会议茶歇,03,现金支付,"“微信零钱”、""支付宝花呗”及“京东白条”支付，系统付款类型应选择“现金”非“个人卡”，需驳回修改",已为您系统驳回，请重新提交完成业务审批流程后@通知审核员,"“微信零钱”、""支付宝花呗”及“京东白条”支付，系统付款类型应选择“现金”非“个人卡”，需驳回修改已为您系统驳回，请重新提交完成业务审批流程后@通知审核员"
MN030651,03,院内会,06,会议茶歇,51,会议权限_院内会,根据SOP规定，院内会可举办的组织者岗位为医药代表、地区业务销售经理，您无权限举办此类型会议,请提供逐级审批至部门负责人的授权邮件并抄送合规,根据SOP规定，院内会可举办的组织者岗位为医药代表、地区业务销售经理，您无权限举办此类型会议请提供逐级审批至部门负责人的授权邮件并抄送合规
MN030652,03,院内会,06,会议茶歇,52,会议议程_变更,学会活动变更会议时间、会议地点需提供企业微信变更流程或变更审批邮件,请提供,学会活动变更会议时间、会议地点需提供企业微信变更流程或变更审批邮件请提供
MN030653,03,院内会,06,会议茶歇,53,会议议程_不一致,会议议程内容与系统填报的实际会议情况不一致,请确认并提供更新的会议议程,会议议程内容与系统填报的实际会议情况不一致请确认并提供更新的会议议程
MN030654,03,院内会,06,会议茶歇,54,会议议程_不完整,会议议程需包含会议日期、会议开展时间、会议地点、会议内容、演讲主题和演讲人,请补充提供,会议议程需包含会议日期、会议开展时间、会议地点、会议内容、演讲主题和演讲人请补充提供
MN030655,03,院内会,06,会议茶歇,55,会议议程_时长不足,根据SOP规定，院内会会议时长需≥20分钟,请确认,根据SOP规定，院内会会议时长需≥20分钟请确认
MN030656,03,院内会,06,会议茶歇,56,会议地点_限院内,根据SOP规定，院内会地点仅限院内，不复核要求不予报销,已为您扣除,根据SOP规定，院内会地点仅限院内，不复核要求不予报销已为您扣除
MN030657,03,院内会,06,会议茶歇,57,会议签到_系统人数不一致,系统实际内外部参会人数与签到表不一致,请确认实际内外部参会人数，并解释说明,系统实际内外部参会人数与签到表不一致请确认实际内外部参会人数，并解释说明
MN030658,03,院内会,06,会议茶歇,58,会议签到_整场未电子签到,根据SOP规定，整场会议未使用电子签到单需提供逐级审批至部门负责人的审批邮件,请提供,根据SOP规定，整场会议未使用电子签到单需提供逐级审批至部门负责人的审批邮件请提供
MN030659,03,院内会,06,会议茶歇,59,会议签到_缺线下签到原件,根据SOP规定，线下签到单原件需邮寄至我司,请将原件邮寄至我司，邮寄后提供快递单号,根据SOP规定，线下签到单原件需邮寄至我司请将原件邮寄至我司，邮寄后提供快递单号
MN030660,03,院内会,06,会议茶歇,60,会议签到_线下签到缺审批,根据SOP规定，线下签到表下方的“负责与会医疗专业人士的内部员工签字（确认以上签字及备注属实）”和“直线经理签字（确认以上签字及代表说明复核公司要求）”需相应负责人签字,将为您寄回线下签到表，请补充签字后原件寄回我司,根据SOP规定，线下签到表下方的“负责与会医疗专业人士的内部员工签字（确认以上签字及备注属实）”和“直线经理签字（确认以上签字及代表说明复核公司要求）”需相应负责人签字将为您寄回线下签到表，请补充签字后原件寄回我司
MN030661,03,院内会,06,会议茶歇,61,会议照片_缺水印,根据SOP规定，会议照片需使用水印相机拍摄活动现场照片，并注明活动时间、活动地点、活动主题,请补充提供，如不符合要求将不予报销,根据SOP规定，会议照片需使用水印相机拍摄活动现场照片，并注明活动时间、活动地点、活动主题请补充提供，如不符合要求将不予报销
MN030662,03,院内会,06,会议茶歇,62,会议照片_缺会议主题,根据SOP规定，会议照片需体现并反映会议主题（如PPT标题、横幅、易拉宝等），且照片中的会议主题需清洗,请补充提供，如不符合要求将不予报销,根据SOP规定，会议照片需体现并反映会议主题（如PPT标题、横幅、易拉宝等），且照片中的会议主题需清洗请补充提供，如不符合要求将不予报销
MN030663,03,院内会,06,会议茶歇,63,会议照片_缺付费讲者,根据SOP规定，付费讲者需提供正面清晰演讲照片，照片应体现付费讲者和一张会议幻灯稿同框的场景，要求可识别付费讲者并能体现所参加会议,请补充提供，如不符合要求将不予报销,根据SOP规定，付费讲者需提供正面清晰演讲照片，照片应体现付费讲者和一张会议幻灯稿同框的场景，要求可识别付费讲者并能体现所参加会议请补充提供，如不符合要求将不予报销
MN030664,03,院内会,06,会议茶歇,64,会议照片_水印与议程不一致,根据SOP规定，会议照片水印所反映拍摄时间与会议议程相一致,请补充提供，如不符合要求将不予报销,根据SOP规定，会议照片水印所反映拍摄时间与会议议程相一致请补充提供，如不符合要求将不予报销
MN030665,03,院内会,06,会议茶歇,65,会议照片_人数标准不符,根据SOP规定，院内会会议照片需显示100%外部参会人员,请补充提供，如不符合要求将不予报销,根据SOP规定，院内会会议照片需显示100%外部参会人员请补充提供，如不符合要求将不予报销
MN030666,03,院内会,06,会议茶歇,66,会议人数_内部人数不符,根据SOP规定，院内会内部参会者需≥1人（含会议组织者）,请确认实际内部参会人数,根据SOP规定，院内会内部参会者需≥1人（含会议组织者）请确认实际内部参会人数
MN030667,03,院内会,06,会议茶歇,67,报销范围_时效,根据SOP规定，原则上公司仅承担学术活动会议议程前后24小时内所产生的相关费用，例外事项需提供部门负责人及合规审计总监的共同批准,如需报销请提供特批,根据SOP规定，原则上公司仅承担学术活动会议议程前后24小时内所产生的相关费用，例外事项需提供部门负责人及合规审计总监的共同批准如需报销请提供特批
MN030668,03,院内会,06,会议茶歇,68,报销范围_费用,根据SOP规定，院内会仅允许报销会议餐饮费,额外费用不予报销已为您扣除,根据SOP规定，院内会仅允许报销会议餐饮费额外费用不予报销已为您扣除
MN040101,04,多学科专家研讨会,01,会议讲课费,01,非讲者库讲者,根据SOP规定，报销讲课费的讲者必须是讲者库中的讲者，且不能在会议结束后特批补入库,不符合要求不予支付讲课费,根据SOP规定，报销讲课费的讲者必须是讲者库中的讲者，且不能在会议结束后特批补入库不符合要求不予支付讲课费
MN040102,04,多学科专家研讨会,01,会议讲课费,02,业务约定书不完整,根据SOP规定，业务约定书需完整正确的填写，并由HCP签字后将完整原件邮寄至我司,请提供,根据SOP规定，业务约定书需完整正确的填写，并由HCP签字后将完整原件邮寄至我司请提供
MN040105,04,多学科专家研讨会,01,会议讲课费,05,讲者未全程参会,根据SOP规定，支付讲课费的专家需全程参会，并签到,请补充提供签到，不符合要求不予支付讲课费,根据SOP规定，支付讲课费的专家需全程参会，并签到请补充提供签到，不符合要求不予支付讲课费
MN040106,04,多学科专家研讨会,01,会议讲课费,06,演讲时长不达标,根据SOP规定，多学科专家研讨会讲者讲课时间（包括手术演示、讨论问答）需≥20分钟,不符合要求不予支付讲课费,根据SOP规定，多学科专家研讨会讲者讲课时间（包括手术演示、讨论问答）需≥20分钟不符合要求不予支付讲课费
MN040107,04,多学科专家研讨会,01,会议讲课费,07,点评时长不达标,根据SOP规定，多学科专家研讨会点评专家点评时长累计需≥10分钟，且必须具体体现在会议日程中,不符合要求不予支付讲课费,根据SOP规定，多学科专家研讨会点评专家点评时长累计需≥10分钟，且必须具体体现在会议日程中不符合要求不予支付讲课费
MN040108,04,多学科专家研讨会,01,会议讲课费,08,点评专家讲课费标准,根据SOP规定，多学科专家研讨会点评专家的讲课费支付标准为80%*职级标准，但不得超过1000元,将为您扣除差额,根据SOP规定，多学科专家研讨会点评专家的讲课费支付标准为80%*职级标准，但不得超过1000元将为您扣除差额
MN040109,04,多学科专家研讨会,01,会议讲课费,09,主席参会时长,根据SOP规定，多学科专家研讨会主席原则上应全程参加会议并致辞发言,不符合要求不予支付讲课费,根据SOP规定，多学科专家研讨会主席原则上应全程参加会议并致辞发言不符合要求不予支付讲课费
MN040110,04,多学科专家研讨会,01,会议讲课费,10,主席参会时长,根据SOP规定，多学科专家研讨会付费点评专家需提供签字的MDT点评记录,请提供,根据SOP规定，多学科专家研讨会付费点评专家需提供签字的MDT点评记录请提供
MN040151,04,多学科专家研讨会,01,会议讲课费,51,会议权限_多学科专家研讨会,根据SOP规定，多学科专家研讨会可举办的组织者岗位为市场、医学和大区业务销售经理级以上，您无权限举办此类型会议,请提供逐级审批至部门负责人的授权邮件并抄送合规,根据SOP规定，多学科专家研讨会可举办的组织者岗位为市场、医学和大区业务销售经理级以上，您无权限举办此类型会议请提供逐级审批至部门负责人的授权邮件并抄送合规
MN040152,04,多学科专家研讨会,01,会议讲课费,52,会议议程_变更,学会活动变更会议时间、会议地点需提供企业微信变更流程或变更审批邮件,请提供,学会活动变更会议时间、会议地点需提供企业微信变更流程或变更审批邮件请提供
MN040153,04,多学科专家研讨会,01,会议讲课费,53,会议议程_不一致,会议议程内容与系统填报的实际会议情况不一致,请确认并提供更新的会议议程,会议议程内容与系统填报的实际会议情况不一致请确认并提供更新的会议议程
MN040154,04,多学科专家研讨会,01,会议讲课费,54,会议议程_不完整,会议议程需包含会议日期、会议开展时间、会议地点、会议内容、演讲主题和演讲人,请补充提供,会议议程需包含会议日期、会议开展时间、会议地点、会议内容、演讲主题和演讲人请补充提供
MN040155,04,多学科专家研讨会,01,会议讲课费,55,会议议程_时长不足,根据SOP规定，多学科专家研讨会会议时长需≥ 半天（2-4H）,请确认,根据SOP规定，多学科专家研讨会会议时长需≥ 半天（2-4H）请确认
MN040156,04,多学科专家研讨会,01,会议讲课费,56,会议地点_禁止景区,根据SOP规定，禁止在景区名胜或铺张奢侈的地点举办或参加会议,不符合要求不予报销,根据SOP规定，禁止在景区名胜或铺张奢侈的地点举办或参加会议不符合要求不予报销
MN040157,04,多学科专家研讨会,01,会议讲课费,57,会议地点_禁止场所,根据SOP规定，禁止在水疗会所、温泉、度假、滑雪、高尔夫、赌博、邮轮、洗浴中心、KTV娱乐及以以上为主业的场所举办学术活动或进行业务招待活动,不符合要求不予报销,根据SOP规定，禁止在水疗会所、温泉、度假、滑雪、高尔夫、赌博、邮轮、洗浴中心、KTV娱乐及以以上为主业的场所举办学术活动或进行业务招待活动不符合要求不予报销
MN040158,04,多学科专家研讨会,01,会议讲课费,58,会议签到_系统人数不一致,系统实际内外部参会人数与签到表不一致,请确认实际内外部参会人数，并解释说明,系统实际内外部参会人数与签到表不一致请确认实际内外部参会人数，并解释说明
MN040159,04,多学科专家研讨会,01,会议讲课费,59,会议签到_整场未电子签到,根据SOP规定，整场会议未使用电子签到单需提供逐级审批至部门负责人的审批邮件,请提供,根据SOP规定，整场会议未使用电子签到单需提供逐级审批至部门负责人的审批邮件请提供
MN040160,04,多学科专家研讨会,01,会议讲课费,60,会议签到_缺线下签到原件,根据SOP规定，线下签到单原件需邮寄至我司,请将原件邮寄至我司，邮寄后提供快递单号,根据SOP规定，线下签到单原件需邮寄至我司请将原件邮寄至我司，邮寄后提供快递单号
MN040161,04,多学科专家研讨会,01,会议讲课费,61,会议签到_线下签到缺审批,根据SOP规定，线下签到表下方的“负责与会医疗专业人士的内部员工签字（确认以上签字及备注属实）”和“直线经理签字（确认以上签字及代表说明复核公司要求）”需相应负责人签字,将为您寄回线下签到表，请补充签字后原件寄回我司,根据SOP规定，线下签到表下方的“负责与会医疗专业人士的内部员工签字（确认以上签字及备注属实）”和“直线经理签字（确认以上签字及代表说明复核公司要求）”需相应负责人签字将为您寄回线下签到表，请补充签字后原件寄回我司
MN040162,04,多学科专家研讨会,01,会议讲课费,62,会议照片_缺水印,根据SOP规定，会议照片需使用水印相机拍摄活动现场照片，并注明活动时间、活动地点、活动主题,请补充提供，如不符合要求将不予报销,根据SOP规定，会议照片需使用水印相机拍摄活动现场照片，并注明活动时间、活动地点、活动主题请补充提供，如不符合要求将不予报销
MN040163,04,多学科专家研讨会,01,会议讲课费,63,会议照片_缺会议主题,根据SOP规定，会议照片需体现并反映会议主题（如PPT标题、横幅、易拉宝等），且照片中的会议主题需清洗,请补充提供，如不符合要求将不予报销,根据SOP规定，会议照片需体现并反映会议主题（如PPT标题、横幅、易拉宝等），且照片中的会议主题需清洗请补充提供，如不符合要求将不予报销
MN040164,04,多学科专家研讨会,01,会议讲课费,64,会议照片_缺付费讲者,根据SOP规定，付费讲者需提供正面清晰演讲照片，照片应体现付费讲者和一张会议幻灯稿同框的场景，要求可识别付费讲者并能体现所参加会议,请补充提供，如不符合要求将不予报销,根据SOP规定，付费讲者需提供正面清晰演讲照片，照片应体现付费讲者和一张会议幻灯稿同框的场景，要求可识别付费讲者并能体现所参加会议请补充提供，如不符合要求将不予报销
MN040165,04,多学科专家研讨会,01,会议讲课费,65,会议照片_水印与议程不一致,根据SOP规定，会议照片水印所反映拍摄时间与会议议程相一致,请补充提供，如不符合要求将不予报销,根据SOP规定，会议照片水印所反映拍摄时间与会议议程相一致请补充提供，如不符合要求将不予报销
MN040166,04,多学科专家研讨会,01,会议讲课费,66,会议照片_人数标准不符,根据SOP规定，多学科专家研讨会会议照片需显示50%及以上参会人员（内+外）,请补充提供，如不符合要求将不予报销,根据SOP规定，多学科专家研讨会会议照片需显示50%及以上参会人员（内+外）请补充提供，如不符合要求将不予报销
MN040167,04,多学科专家研讨会,01,会议讲课费,67,会议人数_内部人数不符,根据SOP规定，多学科专家研讨会内部参会者不可少于2人（包含会议组织者）,请确认实际内部参会人数,根据SOP规定，多学科专家研讨会内部参会者不可少于2人（包含会议组织者）请确认实际内部参会人数
MN040168,04,多学科专家研讨会,01,会议讲课费,68,报销范围_时效,根据SOP规定，原则上公司仅承担学术活动会议议程前后24小时内所产生的相关费用，例外事项需提供部门负责人及合规审计总监的共同批准,如需报销请提供特批,根据SOP规定，原则上公司仅承担学术活动会议议程前后24小时内所产生的相关费用，例外事项需提供部门负责人及合规审计总监的共同批准如需报销请提供特批
MN040169,04,多学科专家研讨会,01,会议讲课费,69,报销范围_费用,根据SOP规定，多学科专家研讨会可报销费用有讲课费、餐饮、住宿费、场租和交通费,额外费用不予报销已为您扣除,根据SOP规定，多学科专家研讨会可报销费用有讲课费、餐饮、住宿费、场租和交通费额外费用不予报销已为您扣除
MN040201,04,多学科专家研讨会,02,会议餐费,01,缺餐厅门头照,根据SOP规定，会议餐费需提供餐厅门头照,请提供,根据SOP规定，会议餐费需提供餐厅门头照请提供
MN040202,04,多学科专家研讨会,02,会议餐费,02,餐费与会议时间不相连,根据SOP规定，会议餐费用餐时间应与会议时间相连，且与正常午餐或晚餐时间相近,请解释说明,根据SOP规定，会议餐费用餐时间应与会议时间相连，且与正常午餐或晚餐时间相近请解释说明
MN040203,04,多学科专家研讨会,02,会议餐费,03,会议餐费超人均,根据SOP规定，会议餐费，不应超过人均 300 元。如有超过上述标准的特殊情况，需获得部门负责人的审批,请提供,根据SOP规定，会议餐费，不应超过人均 300 元。如有超过上述标准的特殊情况，需获得部门负责人的审批请提供
MN040204,04,多学科专家研讨会,02,会议餐费,04,缺少水单,根据SOP规定，会议餐费≥300元，需提供水单明细,请将水单原件邮寄至我司，并将水单照片或扫描件补充上传至评论区,根据SOP规定，会议餐费≥300元，需提供水单明细请将水单原件邮寄至我司，并将水单照片或扫描件补充上传至评论区
MN040205,04,多学科专家研讨会,02,会议餐费,05,个人卡支付,根据SOP规定，个人银行卡支付超过300元，需提供付款记录及带有持卡人姓名的个人卡照片或银行对账单,请提供,根据SOP规定，个人银行卡支付超过300元，需提供付款记录及带有持卡人姓名的个人卡照片或银行对账单请提供
MN040206,04,多学科专家研讨会,02,会议餐费,06,现金支付,"“微信零钱”、""支付宝花呗”及“京东白条”支付，系统付款类型应选择“现金”非“个人卡”，需驳回修改",已为您系统驳回，请重新提交完成业务审批流程后@通知审核员,"“微信零钱”、""支付宝花呗”及“京东白条”支付，系统付款类型应选择“现金”非“个人卡”，需驳回修改已为您系统驳回，请重新提交完成业务审批流程后@通知审核员"
MN040251,04,多学科专家研讨会,02,会议餐费,51,会议权限_多学科专家研讨会,根据SOP规定，多学科专家研讨会可举办的组织者岗位为市场、医学和大区业务销售经理级以上，您无权限举办此类型会议,请提供逐级审批至部门负责人的授权邮件并抄送合规,根据SOP规定，多学科专家研讨会可举办的组织者岗位为市场、医学和大区业务销售经理级以上，您无权限举办此类型会议请提供逐级审批至部门负责人的授权邮件并抄送合规
MN040252,04,多学科专家研讨会,02,会议餐费,52,会议议程_变更,学会活动变更会议时间、会议地点需提供企业微信变更流程或变更审批邮件,请提供,学会活动变更会议时间、会议地点需提供企业微信变更流程或变更审批邮件请提供
MN040253,04,多学科专家研讨会,02,会议餐费,53,会议议程_不一致,会议议程内容与系统填报的实际会议情况不一致,请确认并提供更新的会议议程,会议议程内容与系统填报的实际会议情况不一致请确认并提供更新的会议议程
MN040254,04,多学科专家研讨会,02,会议餐费,54,会议议程_不完整,会议议程需包含会议日期、会议开展时间、会议地点、会议内容、演讲主题和演讲人,请补充提供,会议议程需包含会议日期、会议开展时间、会议地点、会议内容、演讲主题和演讲人请补充提供
MN040255,04,多学科专家研讨会,02,会议餐费,55,会议议程_时长不足,根据SOP规定，多学科专家研讨会会议时长需≥ 半天（2-4H）,请确认,根据SOP规定，多学科专家研讨会会议时长需≥ 半天（2-4H）请确认
MN040256,04,多学科专家研讨会,02,会议餐费,56,会议地点_禁止景区,根据SOP规定，禁止在景区名胜或铺张奢侈的地点举办或参加会议,不符合要求不予报销,根据SOP规定，禁止在景区名胜或铺张奢侈的地点举办或参加会议不符合要求不予报销
MN040257,04,多学科专家研讨会,02,会议餐费,57,会议地点_禁止场所,根据SOP规定，禁止在水疗会所、温泉、度假、滑雪、高尔夫、赌博、邮轮、洗浴中心、KTV娱乐及以以上为主业的场所举办学术活动或进行业务招待活动,不符合要求不予报销,根据SOP规定，禁止在水疗会所、温泉、度假、滑雪、高尔夫、赌博、邮轮、洗浴中心、KTV娱乐及以以上为主业的场所举办学术活动或进行业务招待活动不符合要求不予报销
MN040258,04,多学科专家研讨会,02,会议餐费,58,会议签到_系统人数不一致,系统实际内外部参会人数与签到表不一致,请确认实际内外部参会人数，并解释说明,系统实际内外部参会人数与签到表不一致请确认实际内外部参会人数，并解释说明
MN040259,04,多学科专家研讨会,02,会议餐费,59,会议签到_整场未电子签到,根据SOP规定，整场会议未使用电子签到单需提供逐级审批至部门负责人的审批邮件,请提供,根据SOP规定，整场会议未使用电子签到单需提供逐级审批至部门负责人的审批邮件请提供
MN040260,04,多学科专家研讨会,02,会议餐费,60,会议签到_缺线下签到原件,根据SOP规定，线下签到单原件需邮寄至我司,请将原件邮寄至我司，邮寄后提供快递单号,根据SOP规定，线下签到单原件需邮寄至我司请将原件邮寄至我司，邮寄后提供快递单号
MN040261,04,多学科专家研讨会,02,会议餐费,61,会议签到_线下签到缺审批,根据SOP规定，线下签到表下方的“负责与会医疗专业人士的内部员工签字（确认以上签字及备注属实）”和“直线经理签字（确认以上签字及代表说明复核公司要求）”需相应负责人签字,将为您寄回线下签到表，请补充签字后原件寄回我司,根据SOP规定，线下签到表下方的“负责与会医疗专业人士的内部员工签字（确认以上签字及备注属实）”和“直线经理签字（确认以上签字及代表说明复核公司要求）”需相应负责人签字将为您寄回线下签到表，请补充签字后原件寄回我司
MN040262,04,多学科专家研讨会,02,会议餐费,62,会议照片_缺水印,根据SOP规定，会议照片需使用水印相机拍摄活动现场照片，并注明活动时间、活动地点、活动主题,请补充提供，如不符合要求将不予报销,根据SOP规定，会议照片需使用水印相机拍摄活动现场照片，并注明活动时间、活动地点、活动主题请补充提供，如不符合要求将不予报销
MN040263,04,多学科专家研讨会,02,会议餐费,63,会议照片_缺会议主题,根据SOP规定，会议照片需体现并反映会议主题（如PPT标题、横幅、易拉宝等），且照片中的会议主题需清洗,请补充提供，如不符合要求将不予报销,根据SOP规定，会议照片需体现并反映会议主题（如PPT标题、横幅、易拉宝等），且照片中的会议主题需清洗请补充提供，如不符合要求将不予报销
MN040264,04,多学科专家研讨会,02,会议餐费,64,会议照片_缺付费讲者,根据SOP规定，付费讲者需提供正面清晰演讲照片，照片应体现付费讲者和一张会议幻灯稿同框的场景，要求可识别付费讲者并能体现所参加会议,请补充提供，如不符合要求将不予报销,根据SOP规定，付费讲者需提供正面清晰演讲照片，照片应体现付费讲者和一张会议幻灯稿同框的场景，要求可识别付费讲者并能体现所参加会议请补充提供，如不符合要求将不予报销
MN040265,04,多学科专家研讨会,02,会议餐费,65,会议照片_水印与议程不一致,根据SOP规定，会议照片水印所反映拍摄时间与会议议程相一致,请补充提供，如不符合要求将不予报销,根据SOP规定，会议照片水印所反映拍摄时间与会议议程相一致请补充提供，如不符合要求将不予报销
MN040266,04,多学科专家研讨会,02,会议餐费,66,会议照片_人数标准不符,根据SOP规定，多学科专家研讨会会议照片需显示50%及以上参会人员（内+外）,请补充提供，如不符合要求将不予报销,根据SOP规定，多学科专家研讨会会议照片需显示50%及以上参会人员（内+外）请补充提供，如不符合要求将不予报销
MN040267,04,多学科专家研讨会,02,会议餐费,67,会议人数_内部人数不符,根据SOP规定，多学科专家研讨会内部参会者不可少于2人（包含会议组织者）,请确认实际内部参会人数,根据SOP规定，多学科专家研讨会内部参会者不可少于2人（包含会议组织者）请确认实际内部参会人数
MN040268,04,多学科专家研讨会,02,会议餐费,68,报销范围_时效,根据SOP规定，原则上公司仅承担学术活动会议议程前后24小时内所产生的相关费用，例外事项需提供部门负责人及合规审计总监的共同批准,如需报销请提供特批,根据SOP规定，原则上公司仅承担学术活动会议议程前后24小时内所产生的相关费用，例外事项需提供部门负责人及合规审计总监的共同批准如需报销请提供特批
MN040269,04,多学科专家研讨会,02,会议餐费,69,报销范围_费用,根据SOP规定，多学科专家研讨会可报销费用有讲课费、餐饮、住宿费、场租和交通费,额外费用不予报销已为您扣除,根据SOP规定，多学科专家研讨会可报销费用有讲课费、餐饮、住宿费、场租和交通费额外费用不予报销已为您扣除
MN040301,04,多学科专家研讨会,03,会议交通费,01,HCP飞机标准,根据SOP规定，HCP乘坐飞机，需选择经济舱，单程飞行时间超出8小时可提供商务舱。高于上述标准的交通需事前经业务部负责人、合规审计部负责人及 CEO书面批准。,请提供,根据SOP规定，HCP乘坐飞机，需选择经济舱，单程飞行时间超出8小时可提供商务舱。高于上述标准的交通需事前经业务部负责人、合规审计部负责人及 CEO书面批准。请提供
MN040351,04,多学科专家研讨会,03,会议交通费,51,会议权限_多学科专家研讨会,根据SOP规定，多学科专家研讨会可举办的组织者岗位为市场、医学和大区业务销售经理级以上，您无权限举办此类型会议,请提供逐级审批至部门负责人的授权邮件并抄送合规,根据SOP规定，多学科专家研讨会可举办的组织者岗位为市场、医学和大区业务销售经理级以上，您无权限举办此类型会议请提供逐级审批至部门负责人的授权邮件并抄送合规
MN040352,04,多学科专家研讨会,03,会议交通费,52,会议议程_变更,学会活动变更会议时间、会议地点需提供企业微信变更流程或变更审批邮件,请提供,学会活动变更会议时间、会议地点需提供企业微信变更流程或变更审批邮件请提供
MN040353,04,多学科专家研讨会,03,会议交通费,53,会议议程_不一致,会议议程内容与系统填报的实际会议情况不一致,请确认并提供更新的会议议程,会议议程内容与系统填报的实际会议情况不一致请确认并提供更新的会议议程
MN040354,04,多学科专家研讨会,03,会议交通费,54,会议议程_不完整,会议议程需包含会议日期、会议开展时间、会议地点、会议内容、演讲主题和演讲人,请补充提供,会议议程需包含会议日期、会议开展时间、会议地点、会议内容、演讲主题和演讲人请补充提供
MN040355,04,多学科专家研讨会,03,会议交通费,55,会议议程_时长不足,根据SOP规定，多学科专家研讨会会议时长需≥ 半天（2-4H）,请确认,根据SOP规定，多学科专家研讨会会议时长需≥ 半天（2-4H）请确认
MN040356,04,多学科专家研讨会,03,会议交通费,56,会议地点_禁止景区,根据SOP规定，禁止在景区名胜或铺张奢侈的地点举办或参加会议,不符合要求不予报销,根据SOP规定，禁止在景区名胜或铺张奢侈的地点举办或参加会议不符合要求不予报销
MN040357,04,多学科专家研讨会,03,会议交通费,57,会议地点_禁止场所,根据SOP规定，禁止在水疗会所、温泉、度假、滑雪、高尔夫、赌博、邮轮、洗浴中心、KTV娱乐及以以上为主业的场所举办学术活动或进行业务招待活动,不符合要求不予报销,根据SOP规定，禁止在水疗会所、温泉、度假、滑雪、高尔夫、赌博、邮轮、洗浴中心、KTV娱乐及以以上为主业的场所举办学术活动或进行业务招待活动不符合要求不予报销
MN040358,04,多学科专家研讨会,03,会议交通费,58,会议签到_系统人数不一致,系统实际内外部参会人数与签到表不一致,请确认实际内外部参会人数，并解释说明,系统实际内外部参会人数与签到表不一致请确认实际内外部参会人数，并解释说明
MN040359,04,多学科专家研讨会,03,会议交通费,59,会议签到_整场未电子签到,根据SOP规定，整场会议未使用电子签到单需提供逐级审批至部门负责人的审批邮件,请提供,根据SOP规定，整场会议未使用电子签到单需提供逐级审批至部门负责人的审批邮件请提供
MN040360,04,多学科专家研讨会,03,会议交通费,60,会议签到_缺线下签到原件,根据SOP规定，线下签到单原件需邮寄至我司,请将原件邮寄至我司，邮寄后提供快递单号,根据SOP规定，线下签到单原件需邮寄至我司请将原件邮寄至我司，邮寄后提供快递单号
MN040361,04,多学科专家研讨会,03,会议交通费,61,会议签到_线下签到缺审批,根据SOP规定，线下签到表下方的“负责与会医疗专业人士的内部员工签字（确认以上签字及备注属实）”和“直线经理签字（确认以上签字及代表说明复核公司要求）”需相应负责人签字,将为您寄回线下签到表，请补充签字后原件寄回我司,根据SOP规定，线下签到表下方的“负责与会医疗专业人士的内部员工签字（确认以上签字及备注属实）”和“直线经理签字（确认以上签字及代表说明复核公司要求）”需相应负责人签字将为您寄回线下签到表，请补充签字后原件寄回我司
MN040362,04,多学科专家研讨会,03,会议交通费,62,会议照片_缺水印,根据SOP规定，会议照片需使用水印相机拍摄活动现场照片，并注明活动时间、活动地点、活动主题,请补充提供，如不符合要求将不予报销,根据SOP规定，会议照片需使用水印相机拍摄活动现场照片，并注明活动时间、活动地点、活动主题请补充提供，如不符合要求将不予报销
MN040363,04,多学科专家研讨会,03,会议交通费,63,会议照片_缺会议主题,根据SOP规定，会议照片需体现并反映会议主题（如PPT标题、横幅、易拉宝等），且照片中的会议主题需清洗,请补充提供，如不符合要求将不予报销,根据SOP规定，会议照片需体现并反映会议主题（如PPT标题、横幅、易拉宝等），且照片中的会议主题需清洗请补充提供，如不符合要求将不予报销
MN040364,04,多学科专家研讨会,03,会议交通费,64,会议照片_缺付费讲者,根据SOP规定，付费讲者需提供正面清晰演讲照片，照片应体现付费讲者和一张会议幻灯稿同框的场景，要求可识别付费讲者并能体现所参加会议,请补充提供，如不符合要求将不予报销,根据SOP规定，付费讲者需提供正面清晰演讲照片，照片应体现付费讲者和一张会议幻灯稿同框的场景，要求可识别付费讲者并能体现所参加会议请补充提供，如不符合要求将不予报销
MN040365,04,多学科专家研讨会,03,会议交通费,65,会议照片_水印与议程不一致,根据SOP规定，会议照片水印所反映拍摄时间与会议议程相一致,请补充提供，如不符合要求将不予报销,根据SOP规定，会议照片水印所反映拍摄时间与会议议程相一致请补充提供，如不符合要求将不予报销
MN040366,04,多学科专家研讨会,03,会议交通费,66,会议照片_人数标准不符,根据SOP规定，多学科专家研讨会会议照片需显示50%及以上参会人员（内+外）,请补充提供，如不符合要求将不予报销,根据SOP规定，多学科专家研讨会会议照片需显示50%及以上参会人员（内+外）请补充提供，如不符合要求将不予报销
MN040367,04,多学科专家研讨会,03,会议交通费,67,会议人数_内部人数不符,根据SOP规定，多学科专家研讨会内部参会者不可少于2人（包含会议组织者）,请确认实际内部参会人数,根据SOP规定，多学科专家研讨会内部参会者不可少于2人（包含会议组织者）请确认实际内部参会人数
MN040368,04,多学科专家研讨会,03,会议交通费,68,报销范围_时效,根据SOP规定，原则上公司仅承担学术活动会议议程前后24小时内所产生的相关费用，例外事项需提供部门负责人及合规审计总监的共同批准,如需报销请提供特批,根据SOP规定，原则上公司仅承担学术活动会议议程前后24小时内所产生的相关费用，例外事项需提供部门负责人及合规审计总监的共同批准如需报销请提供特批
MN040369,04,多学科专家研讨会,03,会议交通费,69,报销范围_费用,根据SOP规定，多学科专家研讨会可报销费用有讲课费、餐饮、住宿费、场租和交通费,额外费用不予报销已为您扣除,根据SOP规定，多学科专家研讨会可报销费用有讲课费、餐饮、住宿费、场租和交通费额外费用不予报销已为您扣除
MN040401,04,多学科专家研讨会,04,会议租车费,01,会议租车明细,根据SOP规定，租车费用，提供详细行程单，包含：日期、接送人具体时间、客人姓名/电话、行程起点详细地址、送达详细地址、车型、金额等信息,请补充提供,根据SOP规定，租车费用，提供详细行程单，包含：日期、接送人具体时间、客人姓名/电话、行程起点详细地址、送达详细地址、车型、金额等信息请补充提供
MN040402,04,多学科专家研讨会,04,会议租车费,02,个人卡支付,根据SOP规定，个人银行卡支付超过300元，需提供付款记录及带有持卡人姓名的个人卡照片或银行对账单,请提供,根据SOP规定，个人银行卡支付超过300元，需提供付款记录及带有持卡人姓名的个人卡照片或银行对账单请提供
MN040403,04,多学科专家研讨会,04,会议租车费,03,现金支付,"“微信零钱”、""支付宝花呗”及“京东白条”支付，系统付款类型应选择“现金”非“个人卡”，需驳回修改",已为您系统驳回，请重新提交完成业务审批流程后@通知审核员,"“微信零钱”、""支付宝花呗”及“京东白条”支付，系统付款类型应选择“现金”非“个人卡”，需驳回修改已为您系统驳回，请重新提交完成业务审批流程后@通知审核员"
MN040451,04,多学科专家研讨会,04,会议租车费,51,会议权限_多学科专家研讨会,根据SOP规定，多学科专家研讨会可举办的组织者岗位为市场、医学和大区业务销售经理级以上，您无权限举办此类型会议,请提供逐级审批至部门负责人的授权邮件并抄送合规,根据SOP规定，多学科专家研讨会可举办的组织者岗位为市场、医学和大区业务销售经理级以上，您无权限举办此类型会议请提供逐级审批至部门负责人的授权邮件并抄送合规
MN040452,04,多学科专家研讨会,04,会议租车费,52,会议议程_变更,学会活动变更会议时间、会议地点需提供企业微信变更流程或变更审批邮件,请提供,学会活动变更会议时间、会议地点需提供企业微信变更流程或变更审批邮件请提供
MN040453,04,多学科专家研讨会,04,会议租车费,53,会议议程_不一致,会议议程内容与系统填报的实际会议情况不一致,请确认并提供更新的会议议程,会议议程内容与系统填报的实际会议情况不一致请确认并提供更新的会议议程
MN040454,04,多学科专家研讨会,04,会议租车费,54,会议议程_不完整,会议议程需包含会议日期、会议开展时间、会议地点、会议内容、演讲主题和演讲人,请补充提供,会议议程需包含会议日期、会议开展时间、会议地点、会议内容、演讲主题和演讲人请补充提供
MN040455,04,多学科专家研讨会,04,会议租车费,55,会议议程_时长不足,根据SOP规定，多学科专家研讨会会议时长需≥ 半天（2-4H）,请确认,根据SOP规定，多学科专家研讨会会议时长需≥ 半天（2-4H）请确认
MN040456,04,多学科专家研讨会,04,会议租车费,56,会议地点_禁止景区,根据SOP规定，禁止在景区名胜或铺张奢侈的地点举办或参加会议,不符合要求不予报销,根据SOP规定，禁止在景区名胜或铺张奢侈的地点举办或参加会议不符合要求不予报销
MN040457,04,多学科专家研讨会,04,会议租车费,57,会议地点_禁止场所,根据SOP规定，禁止在水疗会所、温泉、度假、滑雪、高尔夫、赌博、邮轮、洗浴中心、KTV娱乐及以以上为主业的场所举办学术活动或进行业务招待活动,不符合要求不予报销,根据SOP规定，禁止在水疗会所、温泉、度假、滑雪、高尔夫、赌博、邮轮、洗浴中心、KTV娱乐及以以上为主业的场所举办学术活动或进行业务招待活动不符合要求不予报销
MN040458,04,多学科专家研讨会,04,会议租车费,58,会议签到_系统人数不一致,系统实际内外部参会人数与签到表不一致,请确认实际内外部参会人数，并解释说明,系统实际内外部参会人数与签到表不一致请确认实际内外部参会人数，并解释说明
MN040459,04,多学科专家研讨会,04,会议租车费,59,会议签到_整场未电子签到,根据SOP规定，整场会议未使用电子签到单需提供逐级审批至部门负责人的审批邮件,请提供,根据SOP规定，整场会议未使用电子签到单需提供逐级审批至部门负责人的审批邮件请提供
MN040460,04,多学科专家研讨会,04,会议租车费,60,会议签到_缺线下签到原件,根据SOP规定，线下签到单原件需邮寄至我司,请将原件邮寄至我司，邮寄后提供快递单号,根据SOP规定，线下签到单原件需邮寄至我司请将原件邮寄至我司，邮寄后提供快递单号
MN040461,04,多学科专家研讨会,04,会议租车费,61,会议签到_线下签到缺审批,根据SOP规定，线下签到表下方的“负责与会医疗专业人士的内部员工签字（确认以上签字及备注属实）”和“直线经理签字（确认以上签字及代表说明复核公司要求）”需相应负责人签字,将为您寄回线下签到表，请补充签字后原件寄回我司,根据SOP规定，线下签到表下方的“负责与会医疗专业人士的内部员工签字（确认以上签字及备注属实）”和“直线经理签字（确认以上签字及代表说明复核公司要求）”需相应负责人签字将为您寄回线下签到表，请补充签字后原件寄回我司
MN040462,04,多学科专家研讨会,04,会议租车费,62,会议照片_缺水印,根据SOP规定，会议照片需使用水印相机拍摄活动现场照片，并注明活动时间、活动地点、活动主题,请补充提供，如不符合要求将不予报销,根据SOP规定，会议照片需使用水印相机拍摄活动现场照片，并注明活动时间、活动地点、活动主题请补充提供，如不符合要求将不予报销
MN040463,04,多学科专家研讨会,04,会议租车费,63,会议照片_缺会议主题,根据SOP规定，会议照片需体现并反映会议主题（如PPT标题、横幅、易拉宝等），且照片中的会议主题需清洗,请补充提供，如不符合要求将不予报销,根据SOP规定，会议照片需体现并反映会议主题（如PPT标题、横幅、易拉宝等），且照片中的会议主题需清洗请补充提供，如不符合要求将不予报销
MN040464,04,多学科专家研讨会,04,会议租车费,64,会议照片_缺付费讲者,根据SOP规定，付费讲者需提供正面清晰演讲照片，照片应体现付费讲者和一张会议幻灯稿同框的场景，要求可识别付费讲者并能体现所参加会议,请补充提供，如不符合要求将不予报销,根据SOP规定，付费讲者需提供正面清晰演讲照片，照片应体现付费讲者和一张会议幻灯稿同框的场景，要求可识别付费讲者并能体现所参加会议请补充提供，如不符合要求将不予报销
MN040465,04,多学科专家研讨会,04,会议租车费,65,会议照片_水印与议程不一致,根据SOP规定，会议照片水印所反映拍摄时间与会议议程相一致,请补充提供，如不符合要求将不予报销,根据SOP规定，会议照片水印所反映拍摄时间与会议议程相一致请补充提供，如不符合要求将不予报销
MN040466,04,多学科专家研讨会,04,会议租车费,66,会议照片_人数标准不符,根据SOP规定，多学科专家研讨会会议照片需显示50%及以上参会人员（内+外）,请补充提供，如不符合要求将不予报销,根据SOP规定，多学科专家研讨会会议照片需显示50%及以上参会人员（内+外）请补充提供，如不符合要求将不予报销
MN040467,04,多学科专家研讨会,04,会议租车费,67,会议人数_内部人数不符,根据SOP规定，多学科专家研讨会内部参会者不可少于2人（包含会议组织者）,请确认实际内部参会人数,根据SOP规定，多学科专家研讨会内部参会者不可少于2人（包含会议组织者）请确认实际内部参会人数
MN040468,04,多学科专家研讨会,04,会议租车费,68,报销范围_时效,根据SOP规定，原则上公司仅承担学术活动会议议程前后24小时内所产生的相关费用，例外事项需提供部门负责人及合规审计总监的共同批准,如需报销请提供特批,根据SOP规定，原则上公司仅承担学术活动会议议程前后24小时内所产生的相关费用，例外事项需提供部门负责人及合规审计总监的共同批准如需报销请提供特批
MN040469,04,多学科专家研讨会,04,会议租车费,69,报销范围_费用,根据SOP规定，多学科专家研讨会可报销费用有讲课费、餐饮、住宿费、场租和交通费,额外费用不予报销已为您扣除,根据SOP规定，多学科专家研讨会可报销费用有讲课费、餐饮、住宿费、场租和交通费额外费用不予报销已为您扣除
MN040501,04,多学科专家研讨会,05,会议火车票,01,HCP火车标准,根据SOP规定，HCP火车出行不得提供商务舱坐席，高于上述标准的交通需事前经业务部负责人、合规审计部负责人及 CEO书面批准。,请提供,根据SOP规定，HCP火车出行不得提供商务舱坐席，高于上述标准的交通需事前经业务部负责人、合规审计部负责人及 CEO书面批准。请提供
MN040551,04,多学科专家研讨会,05,会议火车票,51,会议权限_多学科专家研讨会,根据SOP规定，多学科专家研讨会可举办的组织者岗位为市场、医学和大区业务销售经理级以上，您无权限举办此类型会议,请提供逐级审批至部门负责人的授权邮件并抄送合规,根据SOP规定，多学科专家研讨会可举办的组织者岗位为市场、医学和大区业务销售经理级以上，您无权限举办此类型会议请提供逐级审批至部门负责人的授权邮件并抄送合规
MN040552,04,多学科专家研讨会,05,会议火车票,52,会议议程_变更,学会活动变更会议时间、会议地点需提供企业微信变更流程或变更审批邮件,请提供,学会活动变更会议时间、会议地点需提供企业微信变更流程或变更审批邮件请提供
MN040553,04,多学科专家研讨会,05,会议火车票,53,会议议程_不一致,会议议程内容与系统填报的实际会议情况不一致,请确认并提供更新的会议议程,会议议程内容与系统填报的实际会议情况不一致请确认并提供更新的会议议程
MN040554,04,多学科专家研讨会,05,会议火车票,54,会议议程_不完整,会议议程需包含会议日期、会议开展时间、会议地点、会议内容、演讲主题和演讲人,请补充提供,会议议程需包含会议日期、会议开展时间、会议地点、会议内容、演讲主题和演讲人请补充提供
MN040555,04,多学科专家研讨会,05,会议火车票,55,会议议程_时长不足,根据SOP规定，多学科专家研讨会会议时长需≥ 半天（2-4H）,请确认,根据SOP规定，多学科专家研讨会会议时长需≥ 半天（2-4H）请确认
MN040556,04,多学科专家研讨会,05,会议火车票,56,会议地点_禁止景区,根据SOP规定，禁止在景区名胜或铺张奢侈的地点举办或参加会议,不符合要求不予报销,根据SOP规定，禁止在景区名胜或铺张奢侈的地点举办或参加会议不符合要求不予报销
MN040557,04,多学科专家研讨会,05,会议火车票,57,会议地点_禁止场所,根据SOP规定，禁止在水疗会所、温泉、度假、滑雪、高尔夫、赌博、邮轮、洗浴中心、KTV娱乐及以以上为主业的场所举办学术活动或进行业务招待活动,不符合要求不予报销,根据SOP规定，禁止在水疗会所、温泉、度假、滑雪、高尔夫、赌博、邮轮、洗浴中心、KTV娱乐及以以上为主业的场所举办学术活动或进行业务招待活动不符合要求不予报销
MN040558,04,多学科专家研讨会,05,会议火车票,58,会议签到_系统人数不一致,系统实际内外部参会人数与签到表不一致,请确认实际内外部参会人数，并解释说明,系统实际内外部参会人数与签到表不一致请确认实际内外部参会人数，并解释说明
MN040559,04,多学科专家研讨会,05,会议火车票,59,会议签到_整场未电子签到,根据SOP规定，整场会议未使用电子签到单需提供逐级审批至部门负责人的审批邮件,请提供,根据SOP规定，整场会议未使用电子签到单需提供逐级审批至部门负责人的审批邮件请提供
MN040560,04,多学科专家研讨会,05,会议火车票,60,会议签到_缺线下签到原件,根据SOP规定，线下签到单原件需邮寄至我司,请将原件邮寄至我司，邮寄后提供快递单号,根据SOP规定，线下签到单原件需邮寄至我司请将原件邮寄至我司，邮寄后提供快递单号
MN040561,04,多学科专家研讨会,05,会议火车票,61,会议签到_线下签到缺审批,根据SOP规定，线下签到表下方的“负责与会医疗专业人士的内部员工签字（确认以上签字及备注属实）”和“直线经理签字（确认以上签字及代表说明复核公司要求）”需相应负责人签字,将为您寄回线下签到表，请补充签字后原件寄回我司,根据SOP规定，线下签到表下方的“负责与会医疗专业人士的内部员工签字（确认以上签字及备注属实）”和“直线经理签字（确认以上签字及代表说明复核公司要求）”需相应负责人签字将为您寄回线下签到表，请补充签字后原件寄回我司
MN040562,04,多学科专家研讨会,05,会议火车票,62,会议照片_缺水印,根据SOP规定，会议照片需使用水印相机拍摄活动现场照片，并注明活动时间、活动地点、活动主题,请补充提供，如不符合要求将不予报销,根据SOP规定，会议照片需使用水印相机拍摄活动现场照片，并注明活动时间、活动地点、活动主题请补充提供，如不符合要求将不予报销
MN040563,04,多学科专家研讨会,05,会议火车票,63,会议照片_缺会议主题,根据SOP规定，会议照片需体现并反映会议主题（如PPT标题、横幅、易拉宝等），且照片中的会议主题需清洗,请补充提供，如不符合要求将不予报销,根据SOP规定，会议照片需体现并反映会议主题（如PPT标题、横幅、易拉宝等），且照片中的会议主题需清洗请补充提供，如不符合要求将不予报销
MN040564,04,多学科专家研讨会,05,会议火车票,64,会议照片_缺付费讲者,根据SOP规定，付费讲者需提供正面清晰演讲照片，照片应体现付费讲者和一张会议幻灯稿同框的场景，要求可识别付费讲者并能体现所参加会议,请补充提供，如不符合要求将不予报销,根据SOP规定，付费讲者需提供正面清晰演讲照片，照片应体现付费讲者和一张会议幻灯稿同框的场景，要求可识别付费讲者并能体现所参加会议请补充提供，如不符合要求将不予报销
MN040565,04,多学科专家研讨会,05,会议火车票,65,会议照片_水印与议程不一致,根据SOP规定，会议照片水印所反映拍摄时间与会议议程相一致,请补充提供，如不符合要求将不予报销,根据SOP规定，会议照片水印所反映拍摄时间与会议议程相一致请补充提供，如不符合要求将不予报销
MN040566,04,多学科专家研讨会,05,会议火车票,66,会议照片_人数标准不符,根据SOP规定，多学科专家研讨会会议照片需显示50%及以上参会人员（内+外）,请补充提供，如不符合要求将不予报销,根据SOP规定，多学科专家研讨会会议照片需显示50%及以上参会人员（内+外）请补充提供，如不符合要求将不予报销
MN040567,04,多学科专家研讨会,05,会议火车票,67,会议人数_内部人数不符,根据SOP规定，多学科专家研讨会内部参会者不可少于2人（包含会议组织者）,请确认实际内部参会人数,根据SOP规定，多学科专家研讨会内部参会者不可少于2人（包含会议组织者）请确认实际内部参会人数
MN040568,04,多学科专家研讨会,05,会议火车票,68,报销范围_时效,根据SOP规定，原则上公司仅承担学术活动会议议程前后24小时内所产生的相关费用，例外事项需提供部门负责人及合规审计总监的共同批准,如需报销请提供特批,根据SOP规定，原则上公司仅承担学术活动会议议程前后24小时内所产生的相关费用，例外事项需提供部门负责人及合规审计总监的共同批准如需报销请提供特批
MN040569,04,多学科专家研讨会,05,会议火车票,69,报销范围_费用,根据SOP规定，多学科专家研讨会可报销费用有讲课费、餐饮、住宿费、场租和交通费,额外费用不予报销已为您扣除,根据SOP规定，多学科专家研讨会可报销费用有讲课费、餐饮、住宿费、场租和交通费额外费用不予报销已为您扣除
MN040601,04,多学科专家研讨会,06,会议茶歇,01,无会议的茶歇,根据SOP规定，会议茶歇不得独立于会议之外提供,请解释说明,根据SOP规定，会议茶歇不得独立于会议之外提供请解释说明
MN040602,04,多学科专家研讨会,06,会议茶歇,02,超市、商场或水果市场购买费用,根据SOP规定，超市、商场或水果市场购买的费用，需要提供明细,请提供,根据SOP规定，超市、商场或水果市场购买的费用，需要提供明细请提供
MN040603,04,多学科专家研讨会,06,会议茶歇,03,个人卡支付,根据SOP规定，个人银行卡支付超过300元，需提供付款记录及带有持卡人姓名的个人卡照片或银行对账单,请提供,根据SOP规定，个人银行卡支付超过300元，需提供付款记录及带有持卡人姓名的个人卡照片或银行对账单请提供
MN040604,04,多学科专家研讨会,06,会议茶歇,04,现金支付,"“微信零钱”、""支付宝花呗”及“京东白条”支付，系统付款类型应选择“现金”非“个人卡”，需驳回修改",已为您系统驳回，请重新提交完成业务审批流程后@通知审核员,"“微信零钱”、""支付宝花呗”及“京东白条”支付，系统付款类型应选择“现金”非“个人卡”，需驳回修改已为您系统驳回，请重新提交完成业务审批流程后@通知审核员"
MN040651,04,多学科专家研讨会,06,会议茶歇,51,会议权限_多学科专家研讨会,根据SOP规定，多学科专家研讨会可举办的组织者岗位为市场、医学和大区业务销售经理级以上，您无权限举办此类型会议,请提供逐级审批至部门负责人的授权邮件并抄送合规,根据SOP规定，多学科专家研讨会可举办的组织者岗位为市场、医学和大区业务销售经理级以上，您无权限举办此类型会议请提供逐级审批至部门负责人的授权邮件并抄送合规
MN040652,04,多学科专家研讨会,06,会议茶歇,52,会议议程_变更,学会活动变更会议时间、会议地点需提供企业微信变更流程或变更审批邮件,请提供,学会活动变更会议时间、会议地点需提供企业微信变更流程或变更审批邮件请提供
MN040653,04,多学科专家研讨会,06,会议茶歇,53,会议议程_不一致,会议议程内容与系统填报的实际会议情况不一致,请确认并提供更新的会议议程,会议议程内容与系统填报的实际会议情况不一致请确认并提供更新的会议议程
MN040654,04,多学科专家研讨会,06,会议茶歇,54,会议议程_不完整,会议议程需包含会议日期、会议开展时间、会议地点、会议内容、演讲主题和演讲人,请补充提供,会议议程需包含会议日期、会议开展时间、会议地点、会议内容、演讲主题和演讲人请补充提供
MN040655,04,多学科专家研讨会,06,会议茶歇,55,会议议程_时长不足,根据SOP规定，多学科专家研讨会会议时长需≥ 半天（2-4H）,请确认,根据SOP规定，多学科专家研讨会会议时长需≥ 半天（2-4H）请确认
MN040656,04,多学科专家研讨会,06,会议茶歇,56,会议地点_禁止景区,根据SOP规定，禁止在景区名胜或铺张奢侈的地点举办或参加会议,不符合要求不予报销,根据SOP规定，禁止在景区名胜或铺张奢侈的地点举办或参加会议不符合要求不予报销
MN040657,04,多学科专家研讨会,06,会议茶歇,57,会议地点_禁止场所,根据SOP规定，禁止在水疗会所、温泉、度假、滑雪、高尔夫、赌博、邮轮、洗浴中心、KTV娱乐及以以上为主业的场所举办学术活动或进行业务招待活动,不符合要求不予报销,根据SOP规定，禁止在水疗会所、温泉、度假、滑雪、高尔夫、赌博、邮轮、洗浴中心、KTV娱乐及以以上为主业的场所举办学术活动或进行业务招待活动不符合要求不予报销
MN040658,04,多学科专家研讨会,06,会议茶歇,58,会议签到_系统人数不一致,系统实际内外部参会人数与签到表不一致,请确认实际内外部参会人数，并解释说明,系统实际内外部参会人数与签到表不一致请确认实际内外部参会人数，并解释说明
MN040659,04,多学科专家研讨会,06,会议茶歇,59,会议签到_整场未电子签到,根据SOP规定，整场会议未使用电子签到单需提供逐级审批至部门负责人的审批邮件,请提供,根据SOP规定，整场会议未使用电子签到单需提供逐级审批至部门负责人的审批邮件请提供
MN040660,04,多学科专家研讨会,06,会议茶歇,60,会议签到_缺线下签到原件,根据SOP规定，线下签到单原件需邮寄至我司,请将原件邮寄至我司，邮寄后提供快递单号,根据SOP规定，线下签到单原件需邮寄至我司请将原件邮寄至我司，邮寄后提供快递单号
MN040661,04,多学科专家研讨会,06,会议茶歇,61,会议签到_线下签到缺审批,根据SOP规定，线下签到表下方的“负责与会医疗专业人士的内部员工签字（确认以上签字及备注属实）”和“直线经理签字（确认以上签字及代表说明复核公司要求）”需相应负责人签字,将为您寄回线下签到表，请补充签字后原件寄回我司,根据SOP规定，线下签到表下方的“负责与会医疗专业人士的内部员工签字（确认以上签字及备注属实）”和“直线经理签字（确认以上签字及代表说明复核公司要求）”需相应负责人签字将为您寄回线下签到表，请补充签字后原件寄回我司
MN040662,04,多学科专家研讨会,06,会议茶歇,62,会议照片_缺水印,根据SOP规定，会议照片需使用水印相机拍摄活动现场照片，并注明活动时间、活动地点、活动主题,请补充提供，如不符合要求将不予报销,根据SOP规定，会议照片需使用水印相机拍摄活动现场照片，并注明活动时间、活动地点、活动主题请补充提供，如不符合要求将不予报销
MN040663,04,多学科专家研讨会,06,会议茶歇,63,会议照片_缺会议主题,根据SOP规定，会议照片需体现并反映会议主题（如PPT标题、横幅、易拉宝等），且照片中的会议主题需清洗,请补充提供，如不符合要求将不予报销,根据SOP规定，会议照片需体现并反映会议主题（如PPT标题、横幅、易拉宝等），且照片中的会议主题需清洗请补充提供，如不符合要求将不予报销
MN040664,04,多学科专家研讨会,06,会议茶歇,64,会议照片_缺付费讲者,根据SOP规定，付费讲者需提供正面清晰演讲照片，照片应体现付费讲者和一张会议幻灯稿同框的场景，要求可识别付费讲者并能体现所参加会议,请补充提供，如不符合要求将不予报销,根据SOP规定，付费讲者需提供正面清晰演讲照片，照片应体现付费讲者和一张会议幻灯稿同框的场景，要求可识别付费讲者并能体现所参加会议请补充提供，如不符合要求将不予报销
MN040665,04,多学科专家研讨会,06,会议茶歇,65,会议照片_水印与议程不一致,根据SOP规定，会议照片水印所反映拍摄时间与会议议程相一致,请补充提供，如不符合要求将不予报销,根据SOP规定，会议照片水印所反映拍摄时间与会议议程相一致请补充提供，如不符合要求将不予报销
MN040666,04,多学科专家研讨会,06,会议茶歇,66,会议照片_人数标准不符,根据SOP规定，多学科专家研讨会会议照片需显示50%及以上参会人员（内+外）,请补充提供，如不符合要求将不予报销,根据SOP规定，多学科专家研讨会会议照片需显示50%及以上参会人员（内+外）请补充提供，如不符合要求将不予报销
MN040667,04,多学科专家研讨会,06,会议茶歇,67,会议人数_内部人数不符,根据SOP规定，多学科专家研讨会内部参会者不可少于2人（包含会议组织者）,请确认实际内部参会人数,根据SOP规定，多学科专家研讨会内部参会者不可少于2人（包含会议组织者）请确认实际内部参会人数
MN040668,04,多学科专家研讨会,06,会议茶歇,68,报销范围_时效,根据SOP规定，原则上公司仅承担学术活动会议议程前后24小时内所产生的相关费用，例外事项需提供部门负责人及合规审计总监的共同批准,如需报销请提供特批,根据SOP规定，原则上公司仅承担学术活动会议议程前后24小时内所产生的相关费用，例外事项需提供部门负责人及合规审计总监的共同批准如需报销请提供特批
MN040669,04,多学科专家研讨会,06,会议茶歇,69,报销范围_费用,根据SOP规定，多学科专家研讨会可报销费用有讲课费、餐饮、住宿费、场租和交通费,额外费用不予报销已为您扣除,根据SOP规定，多学科专家研讨会可报销费用有讲课费、餐饮、住宿费、场租和交通费额外费用不予报销已为您扣除
MN040701,04,多学科专家研讨会,07,会议场租,01,个人卡支付,根据SOP规定，个人银行卡支付超过300元，需提供付款记录及带有持卡人姓名的个人卡照片或银行对账单,请提供,根据SOP规定，个人银行卡支付超过300元，需提供付款记录及带有持卡人姓名的个人卡照片或银行对账单请提供
MN040702,04,多学科专家研讨会,07,会议场租,02,现金支付,"“微信零钱”、""支付宝花呗”及“京东白条”支付，系统付款类型应选择“现金”非“个人卡”，需驳回修改",已为您系统驳回，请重新提交完成业务审批流程后@通知审核员,"“微信零钱”、""支付宝花呗”及“京东白条”支付，系统付款类型应选择“现金”非“个人卡”，需驳回修改已为您系统驳回，请重新提交完成业务审批流程后@通知审核员"
MN040751,04,多学科专家研讨会,07,会议场租,51,会议权限_多学科专家研讨会,根据SOP规定，多学科专家研讨会可举办的组织者岗位为市场、医学和大区业务销售经理级以上，您无权限举办此类型会议,请提供逐级审批至部门负责人的授权邮件并抄送合规,根据SOP规定，多学科专家研讨会可举办的组织者岗位为市场、医学和大区业务销售经理级以上，您无权限举办此类型会议请提供逐级审批至部门负责人的授权邮件并抄送合规
MN040752,04,多学科专家研讨会,07,会议场租,52,会议议程_变更,学会活动变更会议时间、会议地点需提供企业微信变更流程或变更审批邮件,请提供,学会活动变更会议时间、会议地点需提供企业微信变更流程或变更审批邮件请提供
MN040753,04,多学科专家研讨会,07,会议场租,53,会议议程_不一致,会议议程内容与系统填报的实际会议情况不一致,请确认并提供更新的会议议程,会议议程内容与系统填报的实际会议情况不一致请确认并提供更新的会议议程
MN040754,04,多学科专家研讨会,07,会议场租,54,会议议程_不完整,会议议程需包含会议日期、会议开展时间、会议地点、会议内容、演讲主题和演讲人,请补充提供,会议议程需包含会议日期、会议开展时间、会议地点、会议内容、演讲主题和演讲人请补充提供
MN040755,04,多学科专家研讨会,07,会议场租,55,会议议程_时长不足,根据SOP规定，多学科专家研讨会会议时长需≥ 半天（2-4H）,请确认,根据SOP规定，多学科专家研讨会会议时长需≥ 半天（2-4H）请确认
MN040756,04,多学科专家研讨会,07,会议场租,56,会议地点_禁止景区,根据SOP规定，禁止在景区名胜或铺张奢侈的地点举办或参加会议,不符合要求不予报销,根据SOP规定，禁止在景区名胜或铺张奢侈的地点举办或参加会议不符合要求不予报销
MN040757,04,多学科专家研讨会,07,会议场租,57,会议地点_禁止场所,根据SOP规定，禁止在水疗会所、温泉、度假、滑雪、高尔夫、赌博、邮轮、洗浴中心、KTV娱乐及以以上为主业的场所举办学术活动或进行业务招待活动,不符合要求不予报销,根据SOP规定，禁止在水疗会所、温泉、度假、滑雪、高尔夫、赌博、邮轮、洗浴中心、KTV娱乐及以以上为主业的场所举办学术活动或进行业务招待活动不符合要求不予报销
MN040758,04,多学科专家研讨会,07,会议场租,58,会议签到_系统人数不一致,系统实际内外部参会人数与签到表不一致,请确认实际内外部参会人数，并解释说明,系统实际内外部参会人数与签到表不一致请确认实际内外部参会人数，并解释说明
MN040759,04,多学科专家研讨会,07,会议场租,59,会议签到_整场未电子签到,根据SOP规定，整场会议未使用电子签到单需提供逐级审批至部门负责人的审批邮件,请提供,根据SOP规定，整场会议未使用电子签到单需提供逐级审批至部门负责人的审批邮件请提供
MN040760,04,多学科专家研讨会,07,会议场租,60,会议签到_缺线下签到原件,根据SOP规定，线下签到单原件需邮寄至我司,请将原件邮寄至我司，邮寄后提供快递单号,根据SOP规定，线下签到单原件需邮寄至我司请将原件邮寄至我司，邮寄后提供快递单号
MN040761,04,多学科专家研讨会,07,会议场租,61,会议签到_线下签到缺审批,根据SOP规定，线下签到表下方的“负责与会医疗专业人士的内部员工签字（确认以上签字及备注属实）”和“直线经理签字（确认以上签字及代表说明复核公司要求）”需相应负责人签字,将为您寄回线下签到表，请补充签字后原件寄回我司,根据SOP规定，线下签到表下方的“负责与会医疗专业人士的内部员工签字（确认以上签字及备注属实）”和“直线经理签字（确认以上签字及代表说明复核公司要求）”需相应负责人签字将为您寄回线下签到表，请补充签字后原件寄回我司
MN040762,04,多学科专家研讨会,07,会议场租,62,会议照片_缺水印,根据SOP规定，会议照片需使用水印相机拍摄活动现场照片，并注明活动时间、活动地点、活动主题,请补充提供，如不符合要求将不予报销,根据SOP规定，会议照片需使用水印相机拍摄活动现场照片，并注明活动时间、活动地点、活动主题请补充提供，如不符合要求将不予报销
MN040763,04,多学科专家研讨会,07,会议场租,63,会议照片_缺会议主题,根据SOP规定，会议照片需体现并反映会议主题（如PPT标题、横幅、易拉宝等），且照片中的会议主题需清洗,请补充提供，如不符合要求将不予报销,根据SOP规定，会议照片需体现并反映会议主题（如PPT标题、横幅、易拉宝等），且照片中的会议主题需清洗请补充提供，如不符合要求将不予报销
MN040764,04,多学科专家研讨会,07,会议场租,64,会议照片_缺付费讲者,根据SOP规定，付费讲者需提供正面清晰演讲照片，照片应体现付费讲者和一张会议幻灯稿同框的场景，要求可识别付费讲者并能体现所参加会议,请补充提供，如不符合要求将不予报销,根据SOP规定，付费讲者需提供正面清晰演讲照片，照片应体现付费讲者和一张会议幻灯稿同框的场景，要求可识别付费讲者并能体现所参加会议请补充提供，如不符合要求将不予报销
MN040765,04,多学科专家研讨会,07,会议场租,65,会议照片_水印与议程不一致,根据SOP规定，会议照片水印所反映拍摄时间与会议议程相一致,请补充提供，如不符合要求将不予报销,根据SOP规定，会议照片水印所反映拍摄时间与会议议程相一致请补充提供，如不符合要求将不予报销
MN040766,04,多学科专家研讨会,07,会议场租,66,会议照片_人数标准不符,根据SOP规定，多学科专家研讨会会议照片需显示50%及以上参会人员（内+外）,请补充提供，如不符合要求将不予报销,根据SOP规定，多学科专家研讨会会议照片需显示50%及以上参会人员（内+外）请补充提供，如不符合要求将不予报销
MN040767,04,多学科专家研讨会,07,会议场租,67,会议人数_内部人数不符,根据SOP规定，多学科专家研讨会内部参会者不可少于2人（包含会议组织者）,请确认实际内部参会人数,根据SOP规定，多学科专家研讨会内部参会者不可少于2人（包含会议组织者）请确认实际内部参会人数
MN040768,04,多学科专家研讨会,07,会议场租,68,报销范围_时效,根据SOP规定，原则上公司仅承担学术活动会议议程前后24小时内所产生的相关费用，例外事项需提供部门负责人及合规审计总监的共同批准,如需报销请提供特批,根据SOP规定，原则上公司仅承担学术活动会议议程前后24小时内所产生的相关费用，例外事项需提供部门负责人及合规审计总监的共同批准如需报销请提供特批
MN040769,04,多学科专家研讨会,07,会议场租,69,报销范围_费用,根据SOP规定，多学科专家研讨会可报销费用有讲课费、餐饮、住宿费、场租和交通费,额外费用不予报销已为您扣除,根据SOP规定，多学科专家研讨会可报销费用有讲课费、餐饮、住宿费、场租和交通费额外费用不予报销已为您扣除
MN040801,04,多学科专家研讨会,08,会议个人车辆,01,个人卡支付,根据SOP规定，个人银行卡支付超过300元，需提供付款记录及带有持卡人姓名的个人卡照片或银行对账单,请提供,根据SOP规定，个人银行卡支付超过300元，需提供付款记录及带有持卡人姓名的个人卡照片或银行对账单请提供
MN040802,04,多学科专家研讨会,08,会议个人车辆,02,现金支付,"“微信零钱”、""支付宝花呗”及“京东白条”支付，系统付款类型应选择“现金”非“个人卡”，需驳回修改",已为您系统驳回，请重新提交完成业务审批流程后@通知审核员,"“微信零钱”、""支付宝花呗”及“京东白条”支付，系统付款类型应选择“现金”非“个人卡”，需驳回修改已为您系统驳回，请重新提交完成业务审批流程后@通知审核员"
MN040851,04,多学科专家研讨会,08,会议个人车辆,51,会议权限_多学科专家研讨会,根据SOP规定，多学科专家研讨会可举办的组织者岗位为市场、医学和大区业务销售经理级以上，您无权限举办此类型会议,请提供逐级审批至部门负责人的授权邮件并抄送合规,根据SOP规定，多学科专家研讨会可举办的组织者岗位为市场、医学和大区业务销售经理级以上，您无权限举办此类型会议请提供逐级审批至部门负责人的授权邮件并抄送合规
MN040852,04,多学科专家研讨会,08,会议个人车辆,52,会议议程_变更,学会活动变更会议时间、会议地点需提供企业微信变更流程或变更审批邮件,请提供,学会活动变更会议时间、会议地点需提供企业微信变更流程或变更审批邮件请提供
MN040853,04,多学科专家研讨会,08,会议个人车辆,53,会议议程_不一致,会议议程内容与系统填报的实际会议情况不一致,请确认并提供更新的会议议程,会议议程内容与系统填报的实际会议情况不一致请确认并提供更新的会议议程
MN040854,04,多学科专家研讨会,08,会议个人车辆,54,会议议程_不完整,会议议程需包含会议日期、会议开展时间、会议地点、会议内容、演讲主题和演讲人,请补充提供,会议议程需包含会议日期、会议开展时间、会议地点、会议内容、演讲主题和演讲人请补充提供
MN040855,04,多学科专家研讨会,08,会议个人车辆,55,会议议程_时长不足,根据SOP规定，多学科专家研讨会会议时长需≥ 半天（2-4H）,请确认,根据SOP规定，多学科专家研讨会会议时长需≥ 半天（2-4H）请确认
MN040856,04,多学科专家研讨会,08,会议个人车辆,56,会议地点_禁止景区,根据SOP规定，禁止在景区名胜或铺张奢侈的地点举办或参加会议,不符合要求不予报销,根据SOP规定，禁止在景区名胜或铺张奢侈的地点举办或参加会议不符合要求不予报销
MN040857,04,多学科专家研讨会,08,会议个人车辆,57,会议地点_禁止场所,根据SOP规定，禁止在水疗会所、温泉、度假、滑雪、高尔夫、赌博、邮轮、洗浴中心、KTV娱乐及以以上为主业的场所举办学术活动或进行业务招待活动,不符合要求不予报销,根据SOP规定，禁止在水疗会所、温泉、度假、滑雪、高尔夫、赌博、邮轮、洗浴中心、KTV娱乐及以以上为主业的场所举办学术活动或进行业务招待活动不符合要求不予报销
MN040858,04,多学科专家研讨会,08,会议个人车辆,58,会议签到_系统人数不一致,系统实际内外部参会人数与签到表不一致,请确认实际内外部参会人数，并解释说明,系统实际内外部参会人数与签到表不一致请确认实际内外部参会人数，并解释说明
MN040859,04,多学科专家研讨会,08,会议个人车辆,59,会议签到_整场未电子签到,根据SOP规定，整场会议未使用电子签到单需提供逐级审批至部门负责人的审批邮件,请提供,根据SOP规定，整场会议未使用电子签到单需提供逐级审批至部门负责人的审批邮件请提供
MN040860,04,多学科专家研讨会,08,会议个人车辆,60,会议签到_缺线下签到原件,根据SOP规定，线下签到单原件需邮寄至我司,请将原件邮寄至我司，邮寄后提供快递单号,根据SOP规定，线下签到单原件需邮寄至我司请将原件邮寄至我司，邮寄后提供快递单号
MN040861,04,多学科专家研讨会,08,会议个人车辆,61,会议签到_线下签到缺审批,根据SOP规定，线下签到表下方的“负责与会医疗专业人士的内部员工签字（确认以上签字及备注属实）”和“直线经理签字（确认以上签字及代表说明复核公司要求）”需相应负责人签字,将为您寄回线下签到表，请补充签字后原件寄回我司,根据SOP规定，线下签到表下方的“负责与会医疗专业人士的内部员工签字（确认以上签字及备注属实）”和“直线经理签字（确认以上签字及代表说明复核公司要求）”需相应负责人签字将为您寄回线下签到表，请补充签字后原件寄回我司
MN040862,04,多学科专家研讨会,08,会议个人车辆,62,会议照片_缺水印,根据SOP规定，会议照片需使用水印相机拍摄活动现场照片，并注明活动时间、活动地点、活动主题,请补充提供，如不符合要求将不予报销,根据SOP规定，会议照片需使用水印相机拍摄活动现场照片，并注明活动时间、活动地点、活动主题请补充提供，如不符合要求将不予报销
MN040863,04,多学科专家研讨会,08,会议个人车辆,63,会议照片_缺会议主题,根据SOP规定，会议照片需体现并反映会议主题（如PPT标题、横幅、易拉宝等），且照片中的会议主题需清洗,请补充提供，如不符合要求将不予报销,根据SOP规定，会议照片需体现并反映会议主题（如PPT标题、横幅、易拉宝等），且照片中的会议主题需清洗请补充提供，如不符合要求将不予报销
MN040864,04,多学科专家研讨会,08,会议个人车辆,64,会议照片_缺付费讲者,根据SOP规定，付费讲者需提供正面清晰演讲照片，照片应体现付费讲者和一张会议幻灯稿同框的场景，要求可识别付费讲者并能体现所参加会议,请补充提供，如不符合要求将不予报销,根据SOP规定，付费讲者需提供正面清晰演讲照片，照片应体现付费讲者和一张会议幻灯稿同框的场景，要求可识别付费讲者并能体现所参加会议请补充提供，如不符合要求将不予报销
MN040865,04,多学科专家研讨会,08,会议个人车辆,65,会议照片_水印与议程不一致,根据SOP规定，会议照片水印所反映拍摄时间与会议议程相一致,请补充提供，如不符合要求将不予报销,根据SOP规定，会议照片水印所反映拍摄时间与会议议程相一致请补充提供，如不符合要求将不予报销
MN040866,04,多学科专家研讨会,08,会议个人车辆,66,会议照片_人数标准不符,根据SOP规定，多学科专家研讨会会议照片需显示50%及以上参会人员（内+外）,请补充提供，如不符合要求将不予报销,根据SOP规定，多学科专家研讨会会议照片需显示50%及以上参会人员（内+外）请补充提供，如不符合要求将不予报销
MN040867,04,多学科专家研讨会,08,会议个人车辆,67,会议人数_内部人数不符,根据SOP规定，多学科专家研讨会内部参会者不可少于2人（包含会议组织者）,请确认实际内部参会人数,根据SOP规定，多学科专家研讨会内部参会者不可少于2人（包含会议组织者）请确认实际内部参会人数
MN040868,04,多学科专家研讨会,08,会议个人车辆,68,报销范围_时效,根据SOP规定，原则上公司仅承担学术活动会议议程前后24小时内所产生的相关费用，例外事项需提供部门负责人及合规审计总监的共同批准,如需报销请提供特批,根据SOP规定，原则上公司仅承担学术活动会议议程前后24小时内所产生的相关费用，例外事项需提供部门负责人及合规审计总监的共同批准如需报销请提供特批
MN040869,04,多学科专家研讨会,08,会议个人车辆,69,报销范围_费用,根据SOP规定，多学科专家研讨会可报销费用有讲课费、餐饮、住宿费、场租和交通费,额外费用不予报销已为您扣除,根据SOP规定，多学科专家研讨会可报销费用有讲课费、餐饮、住宿费、场租和交通费额外费用不予报销已为您扣除
MN040901,04,多学科专家研讨会,09,会议推广材料制作,01,个人卡支付,根据SOP规定，个人银行卡支付超过300元，需提供付款记录及带有持卡人姓名的个人卡照片或银行对账单,请提供,根据SOP规定，个人银行卡支付超过300元，需提供付款记录及带有持卡人姓名的个人卡照片或银行对账单请提供
MN040902,04,多学科专家研讨会,09,会议推广材料制作,02,现金支付,"“微信零钱”、""支付宝花呗”及“京东白条”支付，系统付款类型应选择“现金”非“个人卡”，需驳回修改",已为您系统驳回，请重新提交完成业务审批流程后@通知审核员,"“微信零钱”、""支付宝花呗”及“京东白条”支付，系统付款类型应选择“现金”非“个人卡”，需驳回修改已为您系统驳回，请重新提交完成业务审批流程后@通知审核员"
MN040951,04,多学科专家研讨会,09,会议推广材料制作,51,会议权限_多学科专家研讨会,根据SOP规定，多学科专家研讨会可举办的组织者岗位为市场、医学和大区业务销售经理级以上，您无权限举办此类型会议,请提供逐级审批至部门负责人的授权邮件并抄送合规,根据SOP规定，多学科专家研讨会可举办的组织者岗位为市场、医学和大区业务销售经理级以上，您无权限举办此类型会议请提供逐级审批至部门负责人的授权邮件并抄送合规
MN040952,04,多学科专家研讨会,09,会议推广材料制作,52,会议议程_变更,学会活动变更会议时间、会议地点需提供企业微信变更流程或变更审批邮件,请提供,学会活动变更会议时间、会议地点需提供企业微信变更流程或变更审批邮件请提供
MN040953,04,多学科专家研讨会,09,会议推广材料制作,53,会议议程_不一致,会议议程内容与系统填报的实际会议情况不一致,请确认并提供更新的会议议程,会议议程内容与系统填报的实际会议情况不一致请确认并提供更新的会议议程
MN040954,04,多学科专家研讨会,09,会议推广材料制作,54,会议议程_不完整,会议议程需包含会议日期、会议开展时间、会议地点、会议内容、演讲主题和演讲人,请补充提供,会议议程需包含会议日期、会议开展时间、会议地点、会议内容、演讲主题和演讲人请补充提供
MN040955,04,多学科专家研讨会,09,会议推广材料制作,55,会议议程_时长不足,根据SOP规定，多学科专家研讨会会议时长需≥ 半天（2-4H）,请确认,根据SOP规定，多学科专家研讨会会议时长需≥ 半天（2-4H）请确认
MN040956,04,多学科专家研讨会,09,会议推广材料制作,56,会议地点_禁止景区,根据SOP规定，禁止在景区名胜或铺张奢侈的地点举办或参加会议,不符合要求不予报销,根据SOP规定，禁止在景区名胜或铺张奢侈的地点举办或参加会议不符合要求不予报销
MN040957,04,多学科专家研讨会,09,会议推广材料制作,57,会议地点_禁止场所,根据SOP规定，禁止在水疗会所、温泉、度假、滑雪、高尔夫、赌博、邮轮、洗浴中心、KTV娱乐及以以上为主业的场所举办学术活动或进行业务招待活动,不符合要求不予报销,根据SOP规定，禁止在水疗会所、温泉、度假、滑雪、高尔夫、赌博、邮轮、洗浴中心、KTV娱乐及以以上为主业的场所举办学术活动或进行业务招待活动不符合要求不予报销
MN040958,04,多学科专家研讨会,09,会议推广材料制作,58,会议签到_系统人数不一致,系统实际内外部参会人数与签到表不一致,请确认实际内外部参会人数，并解释说明,系统实际内外部参会人数与签到表不一致请确认实际内外部参会人数，并解释说明
MN040959,04,多学科专家研讨会,09,会议推广材料制作,59,会议签到_整场未电子签到,根据SOP规定，整场会议未使用电子签到单需提供逐级审批至部门负责人的审批邮件,请提供,根据SOP规定，整场会议未使用电子签到单需提供逐级审批至部门负责人的审批邮件请提供
MN040960,04,多学科专家研讨会,09,会议推广材料制作,60,会议签到_缺线下签到原件,根据SOP规定，线下签到单原件需邮寄至我司,请将原件邮寄至我司，邮寄后提供快递单号,根据SOP规定，线下签到单原件需邮寄至我司请将原件邮寄至我司，邮寄后提供快递单号
MN040961,04,多学科专家研讨会,09,会议推广材料制作,61,会议签到_线下签到缺审批,根据SOP规定，线下签到表下方的“负责与会医疗专业人士的内部员工签字（确认以上签字及备注属实）”和“直线经理签字（确认以上签字及代表说明复核公司要求）”需相应负责人签字,将为您寄回线下签到表，请补充签字后原件寄回我司,根据SOP规定，线下签到表下方的“负责与会医疗专业人士的内部员工签字（确认以上签字及备注属实）”和“直线经理签字（确认以上签字及代表说明复核公司要求）”需相应负责人签字将为您寄回线下签到表，请补充签字后原件寄回我司
MN040962,04,多学科专家研讨会,09,会议推广材料制作,62,会议照片_缺水印,根据SOP规定，会议照片需使用水印相机拍摄活动现场照片，并注明活动时间、活动地点、活动主题,请补充提供，如不符合要求将不予报销,根据SOP规定，会议照片需使用水印相机拍摄活动现场照片，并注明活动时间、活动地点、活动主题请补充提供，如不符合要求将不予报销
MN040963,04,多学科专家研讨会,09,会议推广材料制作,63,会议照片_缺会议主题,根据SOP规定，会议照片需体现并反映会议主题（如PPT标题、横幅、易拉宝等），且照片中的会议主题需清洗,请补充提供，如不符合要求将不予报销,根据SOP规定，会议照片需体现并反映会议主题（如PPT标题、横幅、易拉宝等），且照片中的会议主题需清洗请补充提供，如不符合要求将不予报销
MN040964,04,多学科专家研讨会,09,会议推广材料制作,64,会议照片_缺付费讲者,根据SOP规定，付费讲者需提供正面清晰演讲照片，照片应体现付费讲者和一张会议幻灯稿同框的场景，要求可识别付费讲者并能体现所参加会议,请补充提供，如不符合要求将不予报销,根据SOP规定，付费讲者需提供正面清晰演讲照片，照片应体现付费讲者和一张会议幻灯稿同框的场景，要求可识别付费讲者并能体现所参加会议请补充提供，如不符合要求将不予报销
MN040965,04,多学科专家研讨会,09,会议推广材料制作,65,会议照片_水印与议程不一致,根据SOP规定，会议照片水印所反映拍摄时间与会议议程相一致,请补充提供，如不符合要求将不予报销,根据SOP规定，会议照片水印所反映拍摄时间与会议议程相一致请补充提供，如不符合要求将不予报销
MN040966,04,多学科专家研讨会,09,会议推广材料制作,66,会议照片_人数标准不符,根据SOP规定，多学科专家研讨会会议照片需显示50%及以上参会人员（内+外）,请补充提供，如不符合要求将不予报销,根据SOP规定，多学科专家研讨会会议照片需显示50%及以上参会人员（内+外）请补充提供，如不符合要求将不予报销
MN040967,04,多学科专家研讨会,09,会议推广材料制作,67,会议人数_内部人数不符,根据SOP规定，多学科专家研讨会内部参会者不可少于2人（包含会议组织者）,请确认实际内部参会人数,根据SOP规定，多学科专家研讨会内部参会者不可少于2人（包含会议组织者）请确认实际内部参会人数
MN040968,04,多学科专家研讨会,09,会议推广材料制作,68,报销范围_时效,根据SOP规定，原则上公司仅承担学术活动会议议程前后24小时内所产生的相关费用，例外事项需提供部门负责人及合规审计总监的共同批准,如需报销请提供特批,根据SOP规定，原则上公司仅承担学术活动会议议程前后24小时内所产生的相关费用，例外事项需提供部门负责人及合规审计总监的共同批准如需报销请提供特批
MN040969,04,多学科专家研讨会,09,会议推广材料制作,69,报销范围_费用,根据SOP规定，多学科专家研讨会可报销费用有讲课费、餐饮、住宿费、场租和交通费,额外费用不予报销已为您扣除,根据SOP规定，多学科专家研讨会可报销费用有讲课费、餐饮、住宿费、场租和交通费额外费用不予报销已为您扣除
MN041001,04,多学科专家研讨会,10,会议住宿费,01,HCP住宿标准,根据SOP规定，提供HCP的住宿费北上广深不得超过1000元/人/晚，其他城市不超过750元/人/晚，海外城市不超过2000元/人/晚，高于上述标准的住宿费需事前获得业务部负责人和合规审计部负责人的书面批准,请提供,根据SOP规定，提供HCP的住宿费北上广深不得超过1000元/人/晚，其他城市不超过750元/人/晚，海外城市不超过2000元/人/晚，高于上述标准的住宿费需事前获得业务部负责人和合规审计部负责人的书面批准请提供
MN041002,04,多学科专家研讨会,10,会议住宿费,02,个人卡支付,根据SOP规定，个人银行卡支付超过300元，需提供付款记录及带有持卡人姓名的个人卡照片或银行对账单,请提供,根据SOP规定，个人银行卡支付超过300元，需提供付款记录及带有持卡人姓名的个人卡照片或银行对账单请提供
MN041003,04,多学科专家研讨会,10,会议住宿费,03,现金支付,"“微信零钱”、""支付宝花呗”及“京东白条”支付，系统付款类型应选择“现金”非“个人卡”，需驳回修改",已为您系统驳回，请重新提交完成业务审批流程后@通知审核员,"“微信零钱”、""支付宝花呗”及“京东白条”支付，系统付款类型应选择“现金”非“个人卡”，需驳回修改已为您系统驳回，请重新提交完成业务审批流程后@通知审核员"
MN041051,04,多学科专家研讨会,10,会议住宿费,51,会议权限_多学科专家研讨会,根据SOP规定，多学科专家研讨会可举办的组织者岗位为市场、医学和大区业务销售经理级以上，您无权限举办此类型会议,请提供逐级审批至部门负责人的授权邮件并抄送合规,根据SOP规定，多学科专家研讨会可举办的组织者岗位为市场、医学和大区业务销售经理级以上，您无权限举办此类型会议请提供逐级审批至部门负责人的授权邮件并抄送合规
MN041052,04,多学科专家研讨会,10,会议住宿费,52,会议议程_变更,学会活动变更会议时间、会议地点需提供企业微信变更流程或变更审批邮件,请提供,学会活动变更会议时间、会议地点需提供企业微信变更流程或变更审批邮件请提供
MN041053,04,多学科专家研讨会,10,会议住宿费,53,会议议程_不一致,会议议程内容与系统填报的实际会议情况不一致,请确认并提供更新的会议议程,会议议程内容与系统填报的实际会议情况不一致请确认并提供更新的会议议程
MN041054,04,多学科专家研讨会,10,会议住宿费,54,会议议程_不完整,会议议程需包含会议日期、会议开展时间、会议地点、会议内容、演讲主题和演讲人,请补充提供,会议议程需包含会议日期、会议开展时间、会议地点、会议内容、演讲主题和演讲人请补充提供
MN041055,04,多学科专家研讨会,10,会议住宿费,55,会议议程_时长不足,根据SOP规定，多学科专家研讨会会议时长需≥ 半天（2-4H）,请确认,根据SOP规定，多学科专家研讨会会议时长需≥ 半天（2-4H）请确认
MN041056,04,多学科专家研讨会,10,会议住宿费,56,会议地点_禁止景区,根据SOP规定，禁止在景区名胜或铺张奢侈的地点举办或参加会议,不符合要求不予报销,根据SOP规定，禁止在景区名胜或铺张奢侈的地点举办或参加会议不符合要求不予报销
MN041057,04,多学科专家研讨会,10,会议住宿费,57,会议地点_禁止场所,根据SOP规定，禁止在水疗会所、温泉、度假、滑雪、高尔夫、赌博、邮轮、洗浴中心、KTV娱乐及以以上为主业的场所举办学术活动或进行业务招待活动,不符合要求不予报销,根据SOP规定，禁止在水疗会所、温泉、度假、滑雪、高尔夫、赌博、邮轮、洗浴中心、KTV娱乐及以以上为主业的场所举办学术活动或进行业务招待活动不符合要求不予报销
MN041058,04,多学科专家研讨会,10,会议住宿费,58,会议签到_系统人数不一致,系统实际内外部参会人数与签到表不一致,请确认实际内外部参会人数，并解释说明,系统实际内外部参会人数与签到表不一致请确认实际内外部参会人数，并解释说明
MN041059,04,多学科专家研讨会,10,会议住宿费,59,会议签到_整场未电子签到,根据SOP规定，整场会议未使用电子签到单需提供逐级审批至部门负责人的审批邮件,请提供,根据SOP规定，整场会议未使用电子签到单需提供逐级审批至部门负责人的审批邮件请提供
MN041060,04,多学科专家研讨会,10,会议住宿费,60,会议签到_缺线下签到原件,根据SOP规定，线下签到单原件需邮寄至我司,请将原件邮寄至我司，邮寄后提供快递单号,根据SOP规定，线下签到单原件需邮寄至我司请将原件邮寄至我司，邮寄后提供快递单号
MN041061,04,多学科专家研讨会,10,会议住宿费,61,会议签到_线下签到缺审批,根据SOP规定，线下签到表下方的“负责与会医疗专业人士的内部员工签字（确认以上签字及备注属实）”和“直线经理签字（确认以上签字及代表说明复核公司要求）”需相应负责人签字,将为您寄回线下签到表，请补充签字后原件寄回我司,根据SOP规定，线下签到表下方的“负责与会医疗专业人士的内部员工签字（确认以上签字及备注属实）”和“直线经理签字（确认以上签字及代表说明复核公司要求）”需相应负责人签字将为您寄回线下签到表，请补充签字后原件寄回我司
MN041062,04,多学科专家研讨会,10,会议住宿费,62,会议照片_缺水印,根据SOP规定，会议照片需使用水印相机拍摄活动现场照片，并注明活动时间、活动地点、活动主题,请补充提供，如不符合要求将不予报销,根据SOP规定，会议照片需使用水印相机拍摄活动现场照片，并注明活动时间、活动地点、活动主题请补充提供，如不符合要求将不予报销
MN041063,04,多学科专家研讨会,10,会议住宿费,63,会议照片_缺会议主题,根据SOP规定，会议照片需体现并反映会议主题（如PPT标题、横幅、易拉宝等），且照片中的会议主题需清洗,请补充提供，如不符合要求将不予报销,根据SOP规定，会议照片需体现并反映会议主题（如PPT标题、横幅、易拉宝等），且照片中的会议主题需清洗请补充提供，如不符合要求将不予报销
MN041064,04,多学科专家研讨会,10,会议住宿费,64,会议照片_缺付费讲者,根据SOP规定，付费讲者需提供正面清晰演讲照片，照片应体现付费讲者和一张会议幻灯稿同框的场景，要求可识别付费讲者并能体现所参加会议,请补充提供，如不符合要求将不予报销,根据SOP规定，付费讲者需提供正面清晰演讲照片，照片应体现付费讲者和一张会议幻灯稿同框的场景，要求可识别付费讲者并能体现所参加会议请补充提供，如不符合要求将不予报销
MN041065,04,多学科专家研讨会,10,会议住宿费,65,会议照片_水印与议程不一致,根据SOP规定，会议照片水印所反映拍摄时间与会议议程相一致,请补充提供，如不符合要求将不予报销,根据SOP规定，会议照片水印所反映拍摄时间与会议议程相一致请补充提供，如不符合要求将不予报销
MN041066,04,多学科专家研讨会,10,会议住宿费,66,会议照片_人数标准不符,根据SOP规定，多学科专家研讨会会议照片需显示50%及以上参会人员（内+外）,请补充提供，如不符合要求将不予报销,根据SOP规定，多学科专家研讨会会议照片需显示50%及以上参会人员（内+外）请补充提供，如不符合要求将不予报销
MN041067,04,多学科专家研讨会,10,会议住宿费,67,会议人数_内部人数不符,根据SOP规定，多学科专家研讨会内部参会者不可少于2人（包含会议组织者）,请确认实际内部参会人数,根据SOP规定，多学科专家研讨会内部参会者不可少于2人（包含会议组织者）请确认实际内部参会人数
MN041068,04,多学科专家研讨会,10,会议住宿费,68,报销范围_时效,根据SOP规定，原则上公司仅承担学术活动会议议程前后24小时内所产生的相关费用，例外事项需提供部门负责人及合规审计总监的共同批准,如需报销请提供特批,根据SOP规定，原则上公司仅承担学术活动会议议程前后24小时内所产生的相关费用，例外事项需提供部门负责人及合规审计总监的共同批准如需报销请提供特批
MN041069,04,多学科专家研讨会,10,会议住宿费,69,报销范围_费用,根据SOP规定，多学科专家研讨会可报销费用有讲课费、餐饮、住宿费、场租和交通费,额外费用不予报销已为您扣除,根据SOP规定，多学科专家研讨会可报销费用有讲课费、餐饮、住宿费、场租和交通费额外费用不予报销已为您扣除
MN041101,04,多学科专家研讨会,11,会议杂项开支,01,个人卡支付,根据SOP规定，个人银行卡支付超过300元，需提供付款记录及带有持卡人姓名的个人卡照片或银行对账单,请提供,根据SOP规定，个人银行卡支付超过300元，需提供付款记录及带有持卡人姓名的个人卡照片或银行对账单请提供
MN041102,04,多学科专家研讨会,11,会议杂项开支,02,现金支付,"“微信零钱”、""支付宝花呗”及“京东白条”支付，系统付款类型应选择“现金”非“个人卡”，需驳回修改",已为您系统驳回，请重新提交完成业务审批流程后@通知审核员,"“微信零钱”、""支付宝花呗”及“京东白条”支付，系统付款类型应选择“现金”非“个人卡”，需驳回修改已为您系统驳回，请重新提交完成业务审批流程后@通知审核员"
MN041151,04,多学科专家研讨会,11,会议杂项开支,51,会议权限_多学科专家研讨会,根据SOP规定，多学科专家研讨会可举办的组织者岗位为市场、医学和大区业务销售经理级以上，您无权限举办此类型会议,请提供逐级审批至部门负责人的授权邮件并抄送合规,根据SOP规定，多学科专家研讨会可举办的组织者岗位为市场、医学和大区业务销售经理级以上，您无权限举办此类型会议请提供逐级审批至部门负责人的授权邮件并抄送合规
MN041152,04,多学科专家研讨会,11,会议杂项开支,52,会议议程_变更,学会活动变更会议时间、会议地点需提供企业微信变更流程或变更审批邮件,请提供,学会活动变更会议时间、会议地点需提供企业微信变更流程或变更审批邮件请提供
MN041153,04,多学科专家研讨会,11,会议杂项开支,53,会议议程_不一致,会议议程内容与系统填报的实际会议情况不一致,请确认并提供更新的会议议程,会议议程内容与系统填报的实际会议情况不一致请确认并提供更新的会议议程
MN041154,04,多学科专家研讨会,11,会议杂项开支,54,会议议程_不完整,会议议程需包含会议日期、会议开展时间、会议地点、会议内容、演讲主题和演讲人,请补充提供,会议议程需包含会议日期、会议开展时间、会议地点、会议内容、演讲主题和演讲人请补充提供
MN041155,04,多学科专家研讨会,11,会议杂项开支,55,会议议程_时长不足,根据SOP规定，多学科专家研讨会会议时长需≥ 半天（2-4H）,请确认,根据SOP规定，多学科专家研讨会会议时长需≥ 半天（2-4H）请确认
MN041156,04,多学科专家研讨会,11,会议杂项开支,56,会议地点_禁止景区,根据SOP规定，禁止在景区名胜或铺张奢侈的地点举办或参加会议,不符合要求不予报销,根据SOP规定，禁止在景区名胜或铺张奢侈的地点举办或参加会议不符合要求不予报销
MN041157,04,多学科专家研讨会,11,会议杂项开支,57,会议地点_禁止场所,根据SOP规定，禁止在水疗会所、温泉、度假、滑雪、高尔夫、赌博、邮轮、洗浴中心、KTV娱乐及以以上为主业的场所举办学术活动或进行业务招待活动,不符合要求不予报销,根据SOP规定，禁止在水疗会所、温泉、度假、滑雪、高尔夫、赌博、邮轮、洗浴中心、KTV娱乐及以以上为主业的场所举办学术活动或进行业务招待活动不符合要求不予报销
MN041158,04,多学科专家研讨会,11,会议杂项开支,58,会议签到_系统人数不一致,系统实际内外部参会人数与签到表不一致,请确认实际内外部参会人数，并解释说明,系统实际内外部参会人数与签到表不一致请确认实际内外部参会人数，并解释说明
MN041159,04,多学科专家研讨会,11,会议杂项开支,59,会议签到_整场未电子签到,根据SOP规定，整场会议未使用电子签到单需提供逐级审批至部门负责人的审批邮件,请提供,根据SOP规定，整场会议未使用电子签到单需提供逐级审批至部门负责人的审批邮件请提供
MN041160,04,多学科专家研讨会,11,会议杂项开支,60,会议签到_缺线下签到原件,根据SOP规定，线下签到单原件需邮寄至我司,请将原件邮寄至我司，邮寄后提供快递单号,根据SOP规定，线下签到单原件需邮寄至我司请将原件邮寄至我司，邮寄后提供快递单号
MN041161,04,多学科专家研讨会,11,会议杂项开支,61,会议签到_线下签到缺审批,根据SOP规定，线下签到表下方的“负责与会医疗专业人士的内部员工签字（确认以上签字及备注属实）”和“直线经理签字（确认以上签字及代表说明复核公司要求）”需相应负责人签字,将为您寄回线下签到表，请补充签字后原件寄回我司,根据SOP规定，线下签到表下方的“负责与会医疗专业人士的内部员工签字（确认以上签字及备注属实）”和“直线经理签字（确认以上签字及代表说明复核公司要求）”需相应负责人签字将为您寄回线下签到表，请补充签字后原件寄回我司
MN041162,04,多学科专家研讨会,11,会议杂项开支,62,会议照片_缺水印,根据SOP规定，会议照片需使用水印相机拍摄活动现场照片，并注明活动时间、活动地点、活动主题,请补充提供，如不符合要求将不予报销,根据SOP规定，会议照片需使用水印相机拍摄活动现场照片，并注明活动时间、活动地点、活动主题请补充提供，如不符合要求将不予报销
MN041163,04,多学科专家研讨会,11,会议杂项开支,63,会议照片_缺会议主题,根据SOP规定，会议照片需体现并反映会议主题（如PPT标题、横幅、易拉宝等），且照片中的会议主题需清洗,请补充提供，如不符合要求将不予报销,根据SOP规定，会议照片需体现并反映会议主题（如PPT标题、横幅、易拉宝等），且照片中的会议主题需清洗请补充提供，如不符合要求将不予报销
MN041164,04,多学科专家研讨会,11,会议杂项开支,64,会议照片_缺付费讲者,根据SOP规定，付费讲者需提供正面清晰演讲照片，照片应体现付费讲者和一张会议幻灯稿同框的场景，要求可识别付费讲者并能体现所参加会议,请补充提供，如不符合要求将不予报销,根据SOP规定，付费讲者需提供正面清晰演讲照片，照片应体现付费讲者和一张会议幻灯稿同框的场景，要求可识别付费讲者并能体现所参加会议请补充提供，如不符合要求将不予报销
MN041165,04,多学科专家研讨会,11,会议杂项开支,65,会议照片_水印与议程不一致,根据SOP规定，会议照片水印所反映拍摄时间与会议议程相一致,请补充提供，如不符合要求将不予报销,根据SOP规定，会议照片水印所反映拍摄时间与会议议程相一致请补充提供，如不符合要求将不予报销
MN041166,04,多学科专家研讨会,11,会议杂项开支,66,会议照片_人数标准不符,根据SOP规定，多学科专家研讨会会议照片需显示50%及以上参会人员（内+外）,请补充提供，如不符合要求将不予报销,根据SOP规定，多学科专家研讨会会议照片需显示50%及以上参会人员（内+外）请补充提供，如不符合要求将不予报销
MN041167,04,多学科专家研讨会,11,会议杂项开支,67,会议人数_内部人数不符,根据SOP规定，多学科专家研讨会内部参会者不可少于2人（包含会议组织者）,请确认实际内部参会人数,根据SOP规定，多学科专家研讨会内部参会者不可少于2人（包含会议组织者）请确认实际内部参会人数
MN041168,04,多学科专家研讨会,11,会议杂项开支,68,报销范围_时效,根据SOP规定，原则上公司仅承担学术活动会议议程前后24小时内所产生的相关费用，例外事项需提供部门负责人及合规审计总监的共同批准,如需报销请提供特批,根据SOP规定，原则上公司仅承担学术活动会议议程前后24小时内所产生的相关费用，例外事项需提供部门负责人及合规审计总监的共同批准如需报销请提供特批
MN041169,04,多学科专家研讨会,11,会议杂项开支,69,报销范围_费用,根据SOP规定，多学科专家研讨会可报销费用有讲课费、餐饮、住宿费、场租和交通费,额外费用不予报销已为您扣除,根据SOP规定，多学科专家研讨会可报销费用有讲课费、餐饮、住宿费、场租和交通费额外费用不予报销已为您扣除
MN050201,05,三方会-支持,02,会议餐费,01,缺餐厅门头照,根据SOP规定，会议餐费需提供餐厅门头照,请提供,根据SOP规定，会议餐费需提供餐厅门头照请提供
MN050202,05,三方会-支持,02,会议餐费,02,餐费与会议时间不相连,根据SOP规定，会议餐费用餐时间应与会议时间相连，且与正常午餐或晚餐时间相近,请解释说明,根据SOP规定，会议餐费用餐时间应与会议时间相连，且与正常午餐或晚餐时间相近请解释说明
MN050203,05,三方会-支持,02,会议餐费,03,会议餐费超人均,根据SOP规定，会议餐费，不应超过人均 300 元。如有超过上述标准的特殊情况，需获得部门负责人的审批,请提供,根据SOP规定，会议餐费，不应超过人均 300 元。如有超过上述标准的特殊情况，需获得部门负责人的审批请提供
MN050204,05,三方会-支持,02,会议餐费,04,缺少水单,根据SOP规定，会议餐费≥300元，需提供水单明细,请将水单原件邮寄至我司，并将水单照片或扫描件补充上传至评论区,根据SOP规定，会议餐费≥300元，需提供水单明细请将水单原件邮寄至我司，并将水单照片或扫描件补充上传至评论区
MN050205,05,三方会-支持,02,会议餐费,05,个人卡支付,根据SOP规定，个人银行卡支付超过300元，需提供付款记录及带有持卡人姓名的个人卡照片或银行对账单,请提供,根据SOP规定，个人银行卡支付超过300元，需提供付款记录及带有持卡人姓名的个人卡照片或银行对账单请提供
MN050206,05,三方会-支持,02,会议餐费,06,现金支付,"“微信零钱”、""支付宝花呗”及“京东白条”支付，系统付款类型应选择“现金”非“个人卡”，需驳回修改",已为您系统驳回，请重新提交完成业务审批流程后@通知审核员,"“微信零钱”、""支付宝花呗”及“京东白条”支付，系统付款类型应选择“现金”非“个人卡”，需驳回修改已为您系统驳回，请重新提交完成业务审批流程后@通知审核员"
MN050251,05,三方会-支持,02,会议餐费,51,会议权限_学术论坛,根据SOP规定，三方会-支持可举办的组织者岗位为地区业务销售经理及以上、市场和医学，您无权限举办此类型会议,请提供逐级审批至部门负责人的授权邮件并抄送合规,根据SOP规定，三方会-支持可举办的组织者岗位为地区业务销售经理及以上、市场和医学，您无权限举办此类型会议请提供逐级审批至部门负责人的授权邮件并抄送合规
MN050252,05,三方会-支持,02,会议餐费,52,会议议程_变更,学会活动变更会议时间、会议地点需提供企业微信变更流程或变更审批邮件,请提供,学会活动变更会议时间、会议地点需提供企业微信变更流程或变更审批邮件请提供
MN050253,05,三方会-支持,02,会议餐费,53,会议议程_不一致,会议议程内容与系统填报的实际会议情况不一致,请确认并提供更新的会议议程,会议议程内容与系统填报的实际会议情况不一致请确认并提供更新的会议议程
MN050254,05,三方会-支持,02,会议餐费,54,会议议程_不完整,会议议程需包含会议日期、会议开展时间、会议地点、会议内容、演讲主题和演讲人,请补充提供,会议议程需包含会议日期、会议开展时间、会议地点、会议内容、演讲主题和演讲人请补充提供
MN050255,05,三方会-支持,02,会议餐费,55,会议签到_系统人数不一致,系统实际内外部参会人数与签到表不一致,请确认实际内外部参会人数，并解释说明,系统实际内外部参会人数与签到表不一致请确认实际内外部参会人数，并解释说明
MN050256,05,三方会-支持,02,会议餐费,56,会议签到_第三方大会签到,根据SOP规定，所支持HCP签到为第三方大会签到，需提供大会邀请确认函,请提供,根据SOP规定，所支持HCP签到为第三方大会签到，需提供大会邀请确认函请提供
MN050257,05,三方会-支持,02,会议餐费,57,会议签到_缺线下签到原件,根据SOP规定，非第三方大会的线下签到单原件需邮寄至我司,请将原件邮寄至我司，邮寄后提供快递单号,根据SOP规定，非第三方大会的线下签到单原件需邮寄至我司请将原件邮寄至我司，邮寄后提供快递单号
MN050258,05,三方会-支持,02,会议餐费,58,会议签到_线下签到缺审批,根据SOP规定，线下签到表下方的“负责与会医疗专业人士的内部员工签字（确认以上签字及备注属实）”和“直线经理签字（确认以上签字及代表说明复核公司要求）”需相应负责人签字,将为您寄回线下签到表，请补充签字后原件寄回我司,根据SOP规定，线下签到表下方的“负责与会医疗专业人士的内部员工签字（确认以上签字及备注属实）”和“直线经理签字（确认以上签字及代表说明复核公司要求）”需相应负责人签字将为您寄回线下签到表，请补充签字后原件寄回我司
MN050259,05,三方会-支持,02,会议餐费,59,会议照片_缺水印,根据SOP规定，会议照片需使用水印相机拍摄活动现场照片，并注明活动时间、活动地点、活动主题,请补充提供，如不符合要求将不予报销,根据SOP规定，会议照片需使用水印相机拍摄活动现场照片，并注明活动时间、活动地点、活动主题请补充提供，如不符合要求将不予报销
MN050260,05,三方会-支持,02,会议餐费,60,会议照片_缺会议主题,根据SOP规定，会议照片需体现并反映会议主题（如PPT标题、横幅、易拉宝等），且照片中的会议主题需清洗,请补充提供，如不符合要求将不予报销,根据SOP规定，会议照片需体现并反映会议主题（如PPT标题、横幅、易拉宝等），且照片中的会议主题需清洗请补充提供，如不符合要求将不予报销
MN050261,05,三方会-支持,02,会议餐费,61,会议照片_缺支持HCP,根据SOP规定，会议照片应显示所支持HCP,请补充提供，如不符合要求将不予报销,根据SOP规定，会议照片应显示所支持HCP请补充提供，如不符合要求将不予报销
MN050262,05,三方会-支持,02,会议餐费,62,会议照片_水印与议程不一致,根据SOP规定，会议照片水印所反映拍摄时间与会议议程相一致,请补充提供，如不符合要求将不予报销,根据SOP规定，会议照片水印所反映拍摄时间与会议议程相一致请补充提供，如不符合要求将不予报销
MN050263,05,三方会-支持,02,会议餐费,63,会议人数_内部人数不符,根据SOP规定，三方会-支持内部参会者不可少于1人（包含会议组织者）,请确认实际内部参会人数,根据SOP规定，三方会-支持内部参会者不可少于1人（包含会议组织者）请确认实际内部参会人数
MN050264,05,三方会-支持,02,会议餐费,64,报销范围_时效,根据SOP规定，原则上公司仅承担学术活动会议议程前后24小时内所产生的相关费用，例外事项需提供部门负责人及合规审计总监的共同批准,如需报销请提供特批,根据SOP规定，原则上公司仅承担学术活动会议议程前后24小时内所产生的相关费用，例外事项需提供部门负责人及合规审计总监的共同批准如需报销请提供特批
MN050265,05,三方会-支持,02,会议餐费,65,报销范围_费用,根据SOP规定，学术论坛可报销费用有餐饮、住宿费和交通费,额外费用不予报销已为您扣除,根据SOP规定，学术论坛可报销费用有餐饮、住宿费和交通费额外费用不予报销已为您扣除
MN050301,05,三方会-支持,03,会议交通费,01,HCP飞机标准,根据SOP规定，HCP乘坐飞机，需选择经济舱，单程飞行时间超出8小时可提供商务舱。高于上述标准的交通需事前经业务部负责人、合规审计部负责人及 CEO书面批准。,请提供,根据SOP规定，HCP乘坐飞机，需选择经济舱，单程飞行时间超出8小时可提供商务舱。高于上述标准的交通需事前经业务部负责人、合规审计部负责人及 CEO书面批准。请提供
MN050351,05,三方会-支持,03,会议交通费,51,会议权限_学术论坛,根据SOP规定，三方会-支持可举办的组织者岗位为地区业务销售经理及以上、市场和医学，您无权限举办此类型会议,请提供逐级审批至部门负责人的授权邮件并抄送合规,根据SOP规定，三方会-支持可举办的组织者岗位为地区业务销售经理及以上、市场和医学，您无权限举办此类型会议请提供逐级审批至部门负责人的授权邮件并抄送合规
MN050352,05,三方会-支持,03,会议交通费,52,会议议程_变更,学会活动变更会议时间、会议地点需提供企业微信变更流程或变更审批邮件,请提供,学会活动变更会议时间、会议地点需提供企业微信变更流程或变更审批邮件请提供
MN050353,05,三方会-支持,03,会议交通费,53,会议议程_不一致,会议议程内容与系统填报的实际会议情况不一致,请确认并提供更新的会议议程,会议议程内容与系统填报的实际会议情况不一致请确认并提供更新的会议议程
MN050354,05,三方会-支持,03,会议交通费,54,会议议程_不完整,会议议程需包含会议日期、会议开展时间、会议地点、会议内容、演讲主题和演讲人,请补充提供,会议议程需包含会议日期、会议开展时间、会议地点、会议内容、演讲主题和演讲人请补充提供
MN050355,05,三方会-支持,03,会议交通费,55,会议签到_系统人数不一致,系统实际内外部参会人数与签到表不一致,请确认实际内外部参会人数，并解释说明,系统实际内外部参会人数与签到表不一致请确认实际内外部参会人数，并解释说明
MN050356,05,三方会-支持,03,会议交通费,56,会议签到_第三方大会签到,根据SOP规定，所支持HCP签到为第三方大会签到，需提供大会邀请确认函,请提供,根据SOP规定，所支持HCP签到为第三方大会签到，需提供大会邀请确认函请提供
MN050357,05,三方会-支持,03,会议交通费,57,会议签到_缺线下签到原件,根据SOP规定，非第三方大会的线下签到单原件需邮寄至我司,请将原件邮寄至我司，邮寄后提供快递单号,根据SOP规定，非第三方大会的线下签到单原件需邮寄至我司请将原件邮寄至我司，邮寄后提供快递单号
MN050358,05,三方会-支持,03,会议交通费,58,会议签到_线下签到缺审批,根据SOP规定，线下签到表下方的“负责与会医疗专业人士的内部员工签字（确认以上签字及备注属实）”和“直线经理签字（确认以上签字及代表说明复核公司要求）”需相应负责人签字,将为您寄回线下签到表，请补充签字后原件寄回我司,根据SOP规定，线下签到表下方的“负责与会医疗专业人士的内部员工签字（确认以上签字及备注属实）”和“直线经理签字（确认以上签字及代表说明复核公司要求）”需相应负责人签字将为您寄回线下签到表，请补充签字后原件寄回我司
MN050359,05,三方会-支持,03,会议交通费,59,会议照片_缺水印,根据SOP规定，会议照片需使用水印相机拍摄活动现场照片，并注明活动时间、活动地点、活动主题,请补充提供，如不符合要求将不予报销,根据SOP规定，会议照片需使用水印相机拍摄活动现场照片，并注明活动时间、活动地点、活动主题请补充提供，如不符合要求将不予报销
MN050360,05,三方会-支持,03,会议交通费,60,会议照片_缺会议主题,根据SOP规定，会议照片需体现并反映会议主题（如PPT标题、横幅、易拉宝等），且照片中的会议主题需清洗,请补充提供，如不符合要求将不予报销,根据SOP规定，会议照片需体现并反映会议主题（如PPT标题、横幅、易拉宝等），且照片中的会议主题需清洗请补充提供，如不符合要求将不予报销
MN050361,05,三方会-支持,03,会议交通费,61,会议照片_缺支持HCP,根据SOP规定，会议照片应显示所支持HCP,请补充提供，如不符合要求将不予报销,根据SOP规定，会议照片应显示所支持HCP请补充提供，如不符合要求将不予报销
MN050362,05,三方会-支持,03,会议交通费,62,会议照片_水印与议程不一致,根据SOP规定，会议照片水印所反映拍摄时间与会议议程相一致,请补充提供，如不符合要求将不予报销,根据SOP规定，会议照片水印所反映拍摄时间与会议议程相一致请补充提供，如不符合要求将不予报销
MN050363,05,三方会-支持,03,会议交通费,63,会议人数_内部人数不符,根据SOP规定，三方会-支持内部参会者不可少于1人（包含会议组织者）,请确认实际内部参会人数,根据SOP规定，三方会-支持内部参会者不可少于1人（包含会议组织者）请确认实际内部参会人数
MN050364,05,三方会-支持,03,会议交通费,64,报销范围_时效,根据SOP规定，原则上公司仅承担学术活动会议议程前后24小时内所产生的相关费用，例外事项需提供部门负责人及合规审计总监的共同批准,如需报销请提供特批,根据SOP规定，原则上公司仅承担学术活动会议议程前后24小时内所产生的相关费用，例外事项需提供部门负责人及合规审计总监的共同批准如需报销请提供特批
MN050365,05,三方会-支持,03,会议交通费,65,报销范围_费用,根据SOP规定，学术论坛可报销费用有餐饮、住宿费和交通费,额外费用不予报销已为您扣除,根据SOP规定，学术论坛可报销费用有餐饮、住宿费和交通费额外费用不予报销已为您扣除
MN050401,05,三方会-支持,04,会议租车费,01,会议租车明细,根据SOP规定，租车费用，提供详细行程单，包含：日期、接送人具体时间、客人姓名/电话、行程起点详细地址、送达详细地址、车型、金额等信息,请补充提供,根据SOP规定，租车费用，提供详细行程单，包含：日期、接送人具体时间、客人姓名/电话、行程起点详细地址、送达详细地址、车型、金额等信息请补充提供
MN050402,05,三方会-支持,04,会议租车费,02,个人卡支付,根据SOP规定，个人银行卡支付超过300元，需提供付款记录及带有持卡人姓名的个人卡照片或银行对账单,请提供,根据SOP规定，个人银行卡支付超过300元，需提供付款记录及带有持卡人姓名的个人卡照片或银行对账单请提供
MN050403,05,三方会-支持,04,会议租车费,03,现金支付,"“微信零钱”、""支付宝花呗”及“京东白条”支付，系统付款类型应选择“现金”非“个人卡”，需驳回修改",已为您系统驳回，请重新提交完成业务审批流程后@通知审核员,"“微信零钱”、""支付宝花呗”及“京东白条”支付，系统付款类型应选择“现金”非“个人卡”，需驳回修改已为您系统驳回，请重新提交完成业务审批流程后@通知审核员"
MN050451,05,三方会-支持,04,会议租车费,51,会议权限_学术论坛,根据SOP规定，三方会-支持可举办的组织者岗位为地区业务销售经理及以上、市场和医学，您无权限举办此类型会议,请提供逐级审批至部门负责人的授权邮件并抄送合规,根据SOP规定，三方会-支持可举办的组织者岗位为地区业务销售经理及以上、市场和医学，您无权限举办此类型会议请提供逐级审批至部门负责人的授权邮件并抄送合规
MN050452,05,三方会-支持,04,会议租车费,52,会议议程_变更,学会活动变更会议时间、会议地点需提供企业微信变更流程或变更审批邮件,请提供,学会活动变更会议时间、会议地点需提供企业微信变更流程或变更审批邮件请提供
MN050453,05,三方会-支持,04,会议租车费,53,会议议程_不一致,会议议程内容与系统填报的实际会议情况不一致,请确认并提供更新的会议议程,会议议程内容与系统填报的实际会议情况不一致请确认并提供更新的会议议程
MN050454,05,三方会-支持,04,会议租车费,54,会议议程_不完整,会议议程需包含会议日期、会议开展时间、会议地点、会议内容、演讲主题和演讲人,请补充提供,会议议程需包含会议日期、会议开展时间、会议地点、会议内容、演讲主题和演讲人请补充提供
MN050455,05,三方会-支持,04,会议租车费,55,会议签到_系统人数不一致,系统实际内外部参会人数与签到表不一致,请确认实际内外部参会人数，并解释说明,系统实际内外部参会人数与签到表不一致请确认实际内外部参会人数，并解释说明
MN050456,05,三方会-支持,04,会议租车费,56,会议签到_第三方大会签到,根据SOP规定，所支持HCP签到为第三方大会签到，需提供大会邀请确认函,请提供,根据SOP规定，所支持HCP签到为第三方大会签到，需提供大会邀请确认函请提供
MN050457,05,三方会-支持,04,会议租车费,57,会议签到_缺线下签到原件,根据SOP规定，非第三方大会的线下签到单原件需邮寄至我司,请将原件邮寄至我司，邮寄后提供快递单号,根据SOP规定，非第三方大会的线下签到单原件需邮寄至我司请将原件邮寄至我司，邮寄后提供快递单号
MN050458,05,三方会-支持,04,会议租车费,58,会议签到_线下签到缺审批,根据SOP规定，线下签到表下方的“负责与会医疗专业人士的内部员工签字（确认以上签字及备注属实）”和“直线经理签字（确认以上签字及代表说明复核公司要求）”需相应负责人签字,将为您寄回线下签到表，请补充签字后原件寄回我司,根据SOP规定，线下签到表下方的“负责与会医疗专业人士的内部员工签字（确认以上签字及备注属实）”和“直线经理签字（确认以上签字及代表说明复核公司要求）”需相应负责人签字将为您寄回线下签到表，请补充签字后原件寄回我司
MN050459,05,三方会-支持,04,会议租车费,59,会议照片_缺水印,根据SOP规定，会议照片需使用水印相机拍摄活动现场照片，并注明活动时间、活动地点、活动主题,请补充提供，如不符合要求将不予报销,根据SOP规定，会议照片需使用水印相机拍摄活动现场照片，并注明活动时间、活动地点、活动主题请补充提供，如不符合要求将不予报销
MN050460,05,三方会-支持,04,会议租车费,60,会议照片_缺会议主题,根据SOP规定，会议照片需体现并反映会议主题（如PPT标题、横幅、易拉宝等），且照片中的会议主题需清洗,请补充提供，如不符合要求将不予报销,根据SOP规定，会议照片需体现并反映会议主题（如PPT标题、横幅、易拉宝等），且照片中的会议主题需清洗请补充提供，如不符合要求将不予报销
MN050461,05,三方会-支持,04,会议租车费,61,会议照片_缺支持HCP,根据SOP规定，会议照片应显示所支持HCP,请补充提供，如不符合要求将不予报销,根据SOP规定，会议照片应显示所支持HCP请补充提供，如不符合要求将不予报销
MN050462,05,三方会-支持,04,会议租车费,62,会议照片_水印与议程不一致,根据SOP规定，会议照片水印所反映拍摄时间与会议议程相一致,请补充提供，如不符合要求将不予报销,根据SOP规定，会议照片水印所反映拍摄时间与会议议程相一致请补充提供，如不符合要求将不予报销
MN050463,05,三方会-支持,04,会议租车费,63,会议人数_内部人数不符,根据SOP规定，三方会-支持内部参会者不可少于1人（包含会议组织者）,请确认实际内部参会人数,根据SOP规定，三方会-支持内部参会者不可少于1人（包含会议组织者）请确认实际内部参会人数
MN050464,05,三方会-支持,04,会议租车费,64,报销范围_时效,根据SOP规定，原则上公司仅承担学术活动会议议程前后24小时内所产生的相关费用，例外事项需提供部门负责人及合规审计总监的共同批准,如需报销请提供特批,根据SOP规定，原则上公司仅承担学术活动会议议程前后24小时内所产生的相关费用，例外事项需提供部门负责人及合规审计总监的共同批准如需报销请提供特批
MN050465,05,三方会-支持,04,会议租车费,65,报销范围_费用,根据SOP规定，学术论坛可报销费用有餐饮、住宿费和交通费,额外费用不予报销已为您扣除,根据SOP规定，学术论坛可报销费用有餐饮、住宿费和交通费额外费用不予报销已为您扣除
MN050501,05,三方会-支持,05,会议火车票,01,HCP火车标准,根据SOP规定，HCP火车出行不得提供商务舱坐席，高于上述标准的交通需事前经业务部负责人、合规审计部负责人及 CEO书面批准。,请提供,根据SOP规定，HCP火车出行不得提供商务舱坐席，高于上述标准的交通需事前经业务部负责人、合规审计部负责人及 CEO书面批准。请提供
MN050551,05,三方会-支持,05,会议火车票,51,会议权限_学术论坛,根据SOP规定，三方会-支持可举办的组织者岗位为地区业务销售经理及以上、市场和医学，您无权限举办此类型会议,请提供逐级审批至部门负责人的授权邮件并抄送合规,根据SOP规定，三方会-支持可举办的组织者岗位为地区业务销售经理及以上、市场和医学，您无权限举办此类型会议请提供逐级审批至部门负责人的授权邮件并抄送合规
MN050552,05,三方会-支持,05,会议火车票,52,会议议程_变更,学会活动变更会议时间、会议地点需提供企业微信变更流程或变更审批邮件,请提供,学会活动变更会议时间、会议地点需提供企业微信变更流程或变更审批邮件请提供
MN050553,05,三方会-支持,05,会议火车票,53,会议议程_不一致,会议议程内容与系统填报的实际会议情况不一致,请确认并提供更新的会议议程,会议议程内容与系统填报的实际会议情况不一致请确认并提供更新的会议议程
MN050554,05,三方会-支持,05,会议火车票,54,会议议程_不完整,会议议程需包含会议日期、会议开展时间、会议地点、会议内容、演讲主题和演讲人,请补充提供,会议议程需包含会议日期、会议开展时间、会议地点、会议内容、演讲主题和演讲人请补充提供
MN050555,05,三方会-支持,05,会议火车票,55,会议签到_系统人数不一致,系统实际内外部参会人数与签到表不一致,请确认实际内外部参会人数，并解释说明,系统实际内外部参会人数与签到表不一致请确认实际内外部参会人数，并解释说明
MN050556,05,三方会-支持,05,会议火车票,56,会议签到_第三方大会签到,根据SOP规定，所支持HCP签到为第三方大会签到，需提供大会邀请确认函,请提供,根据SOP规定，所支持HCP签到为第三方大会签到，需提供大会邀请确认函请提供
MN050557,05,三方会-支持,05,会议火车票,57,会议签到_缺线下签到原件,根据SOP规定，非第三方大会的线下签到单原件需邮寄至我司,请将原件邮寄至我司，邮寄后提供快递单号,根据SOP规定，非第三方大会的线下签到单原件需邮寄至我司请将原件邮寄至我司，邮寄后提供快递单号
MN050558,05,三方会-支持,05,会议火车票,58,会议签到_线下签到缺审批,根据SOP规定，线下签到表下方的“负责与会医疗专业人士的内部员工签字（确认以上签字及备注属实）”和“直线经理签字（确认以上签字及代表说明复核公司要求）”需相应负责人签字,将为您寄回线下签到表，请补充签字后原件寄回我司,根据SOP规定，线下签到表下方的“负责与会医疗专业人士的内部员工签字（确认以上签字及备注属实）”和“直线经理签字（确认以上签字及代表说明复核公司要求）”需相应负责人签字将为您寄回线下签到表，请补充签字后原件寄回我司
MN050559,05,三方会-支持,05,会议火车票,59,会议照片_缺水印,根据SOP规定，会议照片需使用水印相机拍摄活动现场照片，并注明活动时间、活动地点、活动主题,请补充提供，如不符合要求将不予报销,根据SOP规定，会议照片需使用水印相机拍摄活动现场照片，并注明活动时间、活动地点、活动主题请补充提供，如不符合要求将不予报销
MN050560,05,三方会-支持,05,会议火车票,60,会议照片_缺会议主题,根据SOP规定，会议照片需体现并反映会议主题（如PPT标题、横幅、易拉宝等），且照片中的会议主题需清洗,请补充提供，如不符合要求将不予报销,根据SOP规定，会议照片需体现并反映会议主题（如PPT标题、横幅、易拉宝等），且照片中的会议主题需清洗请补充提供，如不符合要求将不予报销
MN050561,05,三方会-支持,05,会议火车票,61,会议照片_缺支持HCP,根据SOP规定，会议照片应显示所支持HCP,请补充提供，如不符合要求将不予报销,根据SOP规定，会议照片应显示所支持HCP请补充提供，如不符合要求将不予报销
MN050562,05,三方会-支持,05,会议火车票,62,会议照片_水印与议程不一致,根据SOP规定，会议照片水印所反映拍摄时间与会议议程相一致,请补充提供，如不符合要求将不予报销,根据SOP规定，会议照片水印所反映拍摄时间与会议议程相一致请补充提供，如不符合要求将不予报销
MN050563,05,三方会-支持,05,会议火车票,63,会议人数_内部人数不符,根据SOP规定，三方会-支持内部参会者不可少于1人（包含会议组织者）,请确认实际内部参会人数,根据SOP规定，三方会-支持内部参会者不可少于1人（包含会议组织者）请确认实际内部参会人数
MN050564,05,三方会-支持,05,会议火车票,64,报销范围_时效,根据SOP规定，原则上公司仅承担学术活动会议议程前后24小时内所产生的相关费用，例外事项需提供部门负责人及合规审计总监的共同批准,如需报销请提供特批,根据SOP规定，原则上公司仅承担学术活动会议议程前后24小时内所产生的相关费用，例外事项需提供部门负责人及合规审计总监的共同批准如需报销请提供特批
MN050565,05,三方会-支持,05,会议火车票,65,报销范围_费用,根据SOP规定，学术论坛可报销费用有餐饮、住宿费和交通费,额外费用不予报销已为您扣除,根据SOP规定，学术论坛可报销费用有餐饮、住宿费和交通费额外费用不予报销已为您扣除
MN050601,05,三方会-支持,06,会议茶歇,01,无会议的茶歇,根据SOP规定，会议茶歇不得独立于会议之外提供,请解释说明,根据SOP规定，会议茶歇不得独立于会议之外提供请解释说明
MN050602,05,三方会-支持,06,会议茶歇,02,超市、商场或水果市场购买费用,根据SOP规定，超市、商场或水果市场购买的费用，需要提供明细,请提供,根据SOP规定，超市、商场或水果市场购买的费用，需要提供明细请提供
MN050603,05,三方会-支持,06,会议茶歇,03,个人卡支付,根据SOP规定，个人银行卡支付超过300元，需提供付款记录及带有持卡人姓名的个人卡照片或银行对账单,请提供,根据SOP规定，个人银行卡支付超过300元，需提供付款记录及带有持卡人姓名的个人卡照片或银行对账单请提供
MN050604,05,三方会-支持,06,会议茶歇,04,现金支付,"“微信零钱”、""支付宝花呗”及“京东白条”支付，系统付款类型应选择“现金”非“个人卡”，需驳回修改",已为您系统驳回，请重新提交完成业务审批流程后@通知审核员,"“微信零钱”、""支付宝花呗”及“京东白条”支付，系统付款类型应选择“现金”非“个人卡”，需驳回修改已为您系统驳回，请重新提交完成业务审批流程后@通知审核员"
MN050651,05,三方会-支持,06,会议茶歇,51,会议权限_学术论坛,根据SOP规定，三方会-支持可举办的组织者岗位为地区业务销售经理及以上、市场和医学，您无权限举办此类型会议,请提供逐级审批至部门负责人的授权邮件并抄送合规,根据SOP规定，三方会-支持可举办的组织者岗位为地区业务销售经理及以上、市场和医学，您无权限举办此类型会议请提供逐级审批至部门负责人的授权邮件并抄送合规
MN050652,05,三方会-支持,06,会议茶歇,52,会议议程_变更,学会活动变更会议时间、会议地点需提供企业微信变更流程或变更审批邮件,请提供,学会活动变更会议时间、会议地点需提供企业微信变更流程或变更审批邮件请提供
MN050653,05,三方会-支持,06,会议茶歇,53,会议议程_不一致,会议议程内容与系统填报的实际会议情况不一致,请确认并提供更新的会议议程,会议议程内容与系统填报的实际会议情况不一致请确认并提供更新的会议议程
MN050654,05,三方会-支持,06,会议茶歇,54,会议议程_不完整,会议议程需包含会议日期、会议开展时间、会议地点、会议内容、演讲主题和演讲人,请补充提供,会议议程需包含会议日期、会议开展时间、会议地点、会议内容、演讲主题和演讲人请补充提供
MN050655,05,三方会-支持,06,会议茶歇,55,会议签到_系统人数不一致,系统实际内外部参会人数与签到表不一致,请确认实际内外部参会人数，并解释说明,系统实际内外部参会人数与签到表不一致请确认实际内外部参会人数，并解释说明
MN050656,05,三方会-支持,06,会议茶歇,56,会议签到_第三方大会签到,根据SOP规定，所支持HCP签到为第三方大会签到，需提供大会邀请确认函,请提供,根据SOP规定，所支持HCP签到为第三方大会签到，需提供大会邀请确认函请提供
MN050657,05,三方会-支持,06,会议茶歇,57,会议签到_缺线下签到原件,根据SOP规定，非第三方大会的线下签到单原件需邮寄至我司,请将原件邮寄至我司，邮寄后提供快递单号,根据SOP规定，非第三方大会的线下签到单原件需邮寄至我司请将原件邮寄至我司，邮寄后提供快递单号
MN050658,05,三方会-支持,06,会议茶歇,58,会议签到_线下签到缺审批,根据SOP规定，线下签到表下方的“负责与会医疗专业人士的内部员工签字（确认以上签字及备注属实）”和“直线经理签字（确认以上签字及代表说明复核公司要求）”需相应负责人签字,将为您寄回线下签到表，请补充签字后原件寄回我司,根据SOP规定，线下签到表下方的“负责与会医疗专业人士的内部员工签字（确认以上签字及备注属实）”和“直线经理签字（确认以上签字及代表说明复核公司要求）”需相应负责人签字将为您寄回线下签到表，请补充签字后原件寄回我司
MN050659,05,三方会-支持,06,会议茶歇,59,会议照片_缺水印,根据SOP规定，会议照片需使用水印相机拍摄活动现场照片，并注明活动时间、活动地点、活动主题,请补充提供，如不符合要求将不予报销,根据SOP规定，会议照片需使用水印相机拍摄活动现场照片，并注明活动时间、活动地点、活动主题请补充提供，如不符合要求将不予报销
MN050660,05,三方会-支持,06,会议茶歇,60,会议照片_缺会议主题,根据SOP规定，会议照片需体现并反映会议主题（如PPT标题、横幅、易拉宝等），且照片中的会议主题需清洗,请补充提供，如不符合要求将不予报销,根据SOP规定，会议照片需体现并反映会议主题（如PPT标题、横幅、易拉宝等），且照片中的会议主题需清洗请补充提供，如不符合要求将不予报销
MN050661,05,三方会-支持,06,会议茶歇,61,会议照片_缺支持HCP,根据SOP规定，会议照片应显示所支持HCP,请补充提供，如不符合要求将不予报销,根据SOP规定，会议照片应显示所支持HCP请补充提供，如不符合要求将不予报销
MN050662,05,三方会-支持,06,会议茶歇,62,会议照片_水印与议程不一致,根据SOP规定，会议照片水印所反映拍摄时间与会议议程相一致,请补充提供，如不符合要求将不予报销,根据SOP规定，会议照片水印所反映拍摄时间与会议议程相一致请补充提供，如不符合要求将不予报销
MN050663,05,三方会-支持,06,会议茶歇,63,会议人数_内部人数不符,根据SOP规定，三方会-支持内部参会者不可少于1人（包含会议组织者）,请确认实际内部参会人数,根据SOP规定，三方会-支持内部参会者不可少于1人（包含会议组织者）请确认实际内部参会人数
MN050664,05,三方会-支持,06,会议茶歇,64,报销范围_时效,根据SOP规定，原则上公司仅承担学术活动会议议程前后24小时内所产生的相关费用，例外事项需提供部门负责人及合规审计总监的共同批准,如需报销请提供特批,根据SOP规定，原则上公司仅承担学术活动会议议程前后24小时内所产生的相关费用，例外事项需提供部门负责人及合规审计总监的共同批准如需报销请提供特批
MN050665,05,三方会-支持,06,会议茶歇,65,报销范围_费用,根据SOP规定，学术论坛可报销费用有餐饮、住宿费和交通费,额外费用不予报销已为您扣除,根据SOP规定，学术论坛可报销费用有餐饮、住宿费和交通费额外费用不予报销已为您扣除
MN050701,05,三方会-支持,07,会议场租,01,个人卡支付,根据SOP规定，个人银行卡支付超过300元，需提供付款记录及带有持卡人姓名的个人卡照片或银行对账单,请提供,根据SOP规定，个人银行卡支付超过300元，需提供付款记录及带有持卡人姓名的个人卡照片或银行对账单请提供
MN050702,05,三方会-支持,07,会议场租,02,现金支付,"“微信零钱”、""支付宝花呗”及“京东白条”支付，系统付款类型应选择“现金”非“个人卡”，需驳回修改",已为您系统驳回，请重新提交完成业务审批流程后@通知审核员,"“微信零钱”、""支付宝花呗”及“京东白条”支付，系统付款类型应选择“现金”非“个人卡”，需驳回修改已为您系统驳回，请重新提交完成业务审批流程后@通知审核员"
MN050751,05,三方会-支持,07,会议场租,51,会议权限_学术论坛,根据SOP规定，三方会-支持可举办的组织者岗位为地区业务销售经理及以上、市场和医学，您无权限举办此类型会议,请提供逐级审批至部门负责人的授权邮件并抄送合规,根据SOP规定，三方会-支持可举办的组织者岗位为地区业务销售经理及以上、市场和医学，您无权限举办此类型会议请提供逐级审批至部门负责人的授权邮件并抄送合规
MN050752,05,三方会-支持,07,会议场租,52,会议议程_变更,学会活动变更会议时间、会议地点需提供企业微信变更流程或变更审批邮件,请提供,学会活动变更会议时间、会议地点需提供企业微信变更流程或变更审批邮件请提供
MN050753,05,三方会-支持,07,会议场租,53,会议议程_不一致,会议议程内容与系统填报的实际会议情况不一致,请确认并提供更新的会议议程,会议议程内容与系统填报的实际会议情况不一致请确认并提供更新的会议议程
MN050754,05,三方会-支持,07,会议场租,54,会议议程_不完整,会议议程需包含会议日期、会议开展时间、会议地点、会议内容、演讲主题和演讲人,请补充提供,会议议程需包含会议日期、会议开展时间、会议地点、会议内容、演讲主题和演讲人请补充提供
MN050755,05,三方会-支持,07,会议场租,55,会议签到_系统人数不一致,系统实际内外部参会人数与签到表不一致,请确认实际内外部参会人数，并解释说明,系统实际内外部参会人数与签到表不一致请确认实际内外部参会人数，并解释说明
MN050756,05,三方会-支持,07,会议场租,56,会议签到_第三方大会签到,根据SOP规定，所支持HCP签到为第三方大会签到，需提供大会邀请确认函,请提供,根据SOP规定，所支持HCP签到为第三方大会签到，需提供大会邀请确认函请提供
MN050757,05,三方会-支持,07,会议场租,57,会议签到_缺线下签到原件,根据SOP规定，非第三方大会的线下签到单原件需邮寄至我司,请将原件邮寄至我司，邮寄后提供快递单号,根据SOP规定，非第三方大会的线下签到单原件需邮寄至我司请将原件邮寄至我司，邮寄后提供快递单号
MN050758,05,三方会-支持,07,会议场租,58,会议签到_线下签到缺审批,根据SOP规定，线下签到表下方的“负责与会医疗专业人士的内部员工签字（确认以上签字及备注属实）”和“直线经理签字（确认以上签字及代表说明复核公司要求）”需相应负责人签字,将为您寄回线下签到表，请补充签字后原件寄回我司,根据SOP规定，线下签到表下方的“负责与会医疗专业人士的内部员工签字（确认以上签字及备注属实）”和“直线经理签字（确认以上签字及代表说明复核公司要求）”需相应负责人签字将为您寄回线下签到表，请补充签字后原件寄回我司
MN050759,05,三方会-支持,07,会议场租,59,会议照片_缺水印,根据SOP规定，会议照片需使用水印相机拍摄活动现场照片，并注明活动时间、活动地点、活动主题,请补充提供，如不符合要求将不予报销,根据SOP规定，会议照片需使用水印相机拍摄活动现场照片，并注明活动时间、活动地点、活动主题请补充提供，如不符合要求将不予报销
MN050760,05,三方会-支持,07,会议场租,60,会议照片_缺会议主题,根据SOP规定，会议照片需体现并反映会议主题（如PPT标题、横幅、易拉宝等），且照片中的会议主题需清洗,请补充提供，如不符合要求将不予报销,根据SOP规定，会议照片需体现并反映会议主题（如PPT标题、横幅、易拉宝等），且照片中的会议主题需清洗请补充提供，如不符合要求将不予报销
MN050761,05,三方会-支持,07,会议场租,61,会议照片_缺支持HCP,根据SOP规定，会议照片应显示所支持HCP,请补充提供，如不符合要求将不予报销,根据SOP规定，会议照片应显示所支持HCP请补充提供，如不符合要求将不予报销
MN050762,05,三方会-支持,07,会议场租,62,会议照片_水印与议程不一致,根据SOP规定，会议照片水印所反映拍摄时间与会议议程相一致,请补充提供，如不符合要求将不予报销,根据SOP规定，会议照片水印所反映拍摄时间与会议议程相一致请补充提供，如不符合要求将不予报销
MN050763,05,三方会-支持,07,会议场租,63,会议人数_内部人数不符,根据SOP规定，三方会-支持内部参会者不可少于1人（包含会议组织者）,请确认实际内部参会人数,根据SOP规定，三方会-支持内部参会者不可少于1人（包含会议组织者）请确认实际内部参会人数
MN050764,05,三方会-支持,07,会议场租,64,报销范围_时效,根据SOP规定，原则上公司仅承担学术活动会议议程前后24小时内所产生的相关费用，例外事项需提供部门负责人及合规审计总监的共同批准,如需报销请提供特批,根据SOP规定，原则上公司仅承担学术活动会议议程前后24小时内所产生的相关费用，例外事项需提供部门负责人及合规审计总监的共同批准如需报销请提供特批
MN050765,05,三方会-支持,07,会议场租,65,报销范围_费用,根据SOP规定，学术论坛可报销费用有餐饮、住宿费和交通费,额外费用不予报销已为您扣除,根据SOP规定，学术论坛可报销费用有餐饮、住宿费和交通费额外费用不予报销已为您扣除
MN050801,05,三方会-支持,08,会议个人车辆,01,个人卡支付,根据SOP规定，个人银行卡支付超过300元，需提供付款记录及带有持卡人姓名的个人卡照片或银行对账单,请提供,根据SOP规定，个人银行卡支付超过300元，需提供付款记录及带有持卡人姓名的个人卡照片或银行对账单请提供
MN050802,05,三方会-支持,08,会议个人车辆,02,现金支付,"“微信零钱”、""支付宝花呗”及“京东白条”支付，系统付款类型应选择“现金”非“个人卡”，需驳回修改",已为您系统驳回，请重新提交完成业务审批流程后@通知审核员,"“微信零钱”、""支付宝花呗”及“京东白条”支付，系统付款类型应选择“现金”非“个人卡”，需驳回修改已为您系统驳回，请重新提交完成业务审批流程后@通知审核员"
MN050851,05,三方会-支持,08,会议个人车辆,51,会议权限_学术论坛,根据SOP规定，三方会-支持可举办的组织者岗位为地区业务销售经理及以上、市场和医学，您无权限举办此类型会议,请提供逐级审批至部门负责人的授权邮件并抄送合规,根据SOP规定，三方会-支持可举办的组织者岗位为地区业务销售经理及以上、市场和医学，您无权限举办此类型会议请提供逐级审批至部门负责人的授权邮件并抄送合规
MN050852,05,三方会-支持,08,会议个人车辆,52,会议议程_变更,学会活动变更会议时间、会议地点需提供企业微信变更流程或变更审批邮件,请提供,学会活动变更会议时间、会议地点需提供企业微信变更流程或变更审批邮件请提供
MN050853,05,三方会-支持,08,会议个人车辆,53,会议议程_不一致,会议议程内容与系统填报的实际会议情况不一致,请确认并提供更新的会议议程,会议议程内容与系统填报的实际会议情况不一致请确认并提供更新的会议议程
MN050854,05,三方会-支持,08,会议个人车辆,54,会议议程_不完整,会议议程需包含会议日期、会议开展时间、会议地点、会议内容、演讲主题和演讲人,请补充提供,会议议程需包含会议日期、会议开展时间、会议地点、会议内容、演讲主题和演讲人请补充提供
MN050855,05,三方会-支持,08,会议个人车辆,55,会议签到_系统人数不一致,系统实际内外部参会人数与签到表不一致,请确认实际内外部参会人数，并解释说明,系统实际内外部参会人数与签到表不一致请确认实际内外部参会人数，并解释说明
MN050856,05,三方会-支持,08,会议个人车辆,56,会议签到_第三方大会签到,根据SOP规定，所支持HCP签到为第三方大会签到，需提供大会邀请确认函,请提供,根据SOP规定，所支持HCP签到为第三方大会签到，需提供大会邀请确认函请提供
MN050857,05,三方会-支持,08,会议个人车辆,57,会议签到_缺线下签到原件,根据SOP规定，非第三方大会的线下签到单原件需邮寄至我司,请将原件邮寄至我司，邮寄后提供快递单号,根据SOP规定，非第三方大会的线下签到单原件需邮寄至我司请将原件邮寄至我司，邮寄后提供快递单号
MN050858,05,三方会-支持,08,会议个人车辆,58,会议签到_线下签到缺审批,根据SOP规定，线下签到表下方的“负责与会医疗专业人士的内部员工签字（确认以上签字及备注属实）”和“直线经理签字（确认以上签字及代表说明复核公司要求）”需相应负责人签字,将为您寄回线下签到表，请补充签字后原件寄回我司,根据SOP规定，线下签到表下方的“负责与会医疗专业人士的内部员工签字（确认以上签字及备注属实）”和“直线经理签字（确认以上签字及代表说明复核公司要求）”需相应负责人签字将为您寄回线下签到表，请补充签字后原件寄回我司
MN050859,05,三方会-支持,08,会议个人车辆,59,会议照片_缺水印,根据SOP规定，会议照片需使用水印相机拍摄活动现场照片，并注明活动时间、活动地点、活动主题,请补充提供，如不符合要求将不予报销,根据SOP规定，会议照片需使用水印相机拍摄活动现场照片，并注明活动时间、活动地点、活动主题请补充提供，如不符合要求将不予报销
MN050860,05,三方会-支持,08,会议个人车辆,60,会议照片_缺会议主题,根据SOP规定，会议照片需体现并反映会议主题（如PPT标题、横幅、易拉宝等），且照片中的会议主题需清洗,请补充提供，如不符合要求将不予报销,根据SOP规定，会议照片需体现并反映会议主题（如PPT标题、横幅、易拉宝等），且照片中的会议主题需清洗请补充提供，如不符合要求将不予报销
MN050861,05,三方会-支持,08,会议个人车辆,61,会议照片_缺支持HCP,根据SOP规定，会议照片应显示所支持HCP,请补充提供，如不符合要求将不予报销,根据SOP规定，会议照片应显示所支持HCP请补充提供，如不符合要求将不予报销
MN050862,05,三方会-支持,08,会议个人车辆,62,会议照片_水印与议程不一致,根据SOP规定，会议照片水印所反映拍摄时间与会议议程相一致,请补充提供，如不符合要求将不予报销,根据SOP规定，会议照片水印所反映拍摄时间与会议议程相一致请补充提供，如不符合要求将不予报销
MN050863,05,三方会-支持,08,会议个人车辆,63,会议人数_内部人数不符,根据SOP规定，三方会-支持内部参会者不可少于1人（包含会议组织者）,请确认实际内部参会人数,根据SOP规定，三方会-支持内部参会者不可少于1人（包含会议组织者）请确认实际内部参会人数
MN050864,05,三方会-支持,08,会议个人车辆,64,报销范围_时效,根据SOP规定，原则上公司仅承担学术活动会议议程前后24小时内所产生的相关费用，例外事项需提供部门负责人及合规审计总监的共同批准,如需报销请提供特批,根据SOP规定，原则上公司仅承担学术活动会议议程前后24小时内所产生的相关费用，例外事项需提供部门负责人及合规审计总监的共同批准如需报销请提供特批
MN050865,05,三方会-支持,08,会议个人车辆,65,报销范围_费用,根据SOP规定，学术论坛可报销费用有餐饮、住宿费和交通费,额外费用不予报销已为您扣除,根据SOP规定，学术论坛可报销费用有餐饮、住宿费和交通费额外费用不予报销已为您扣除
MN050901,05,三方会-支持,09,会议推广材料制作,01,个人卡支付,根据SOP规定，个人银行卡支付超过300元，需提供付款记录及带有持卡人姓名的个人卡照片或银行对账单,请提供,根据SOP规定，个人银行卡支付超过300元，需提供付款记录及带有持卡人姓名的个人卡照片或银行对账单请提供
MN050902,05,三方会-支持,09,会议推广材料制作,02,现金支付,"“微信零钱”、""支付宝花呗”及“京东白条”支付，系统付款类型应选择“现金”非“个人卡”，需驳回修改",已为您系统驳回，请重新提交完成业务审批流程后@通知审核员,"“微信零钱”、""支付宝花呗”及“京东白条”支付，系统付款类型应选择“现金”非“个人卡”，需驳回修改已为您系统驳回，请重新提交完成业务审批流程后@通知审核员"
MN050951,05,三方会-支持,09,会议推广材料制作,51,会议权限_学术论坛,根据SOP规定，三方会-支持可举办的组织者岗位为地区业务销售经理及以上、市场和医学，您无权限举办此类型会议,请提供逐级审批至部门负责人的授权邮件并抄送合规,根据SOP规定，三方会-支持可举办的组织者岗位为地区业务销售经理及以上、市场和医学，您无权限举办此类型会议请提供逐级审批至部门负责人的授权邮件并抄送合规
MN050952,05,三方会-支持,09,会议推广材料制作,52,会议议程_变更,学会活动变更会议时间、会议地点需提供企业微信变更流程或变更审批邮件,请提供,学会活动变更会议时间、会议地点需提供企业微信变更流程或变更审批邮件请提供
MN050953,05,三方会-支持,09,会议推广材料制作,53,会议议程_不一致,会议议程内容与系统填报的实际会议情况不一致,请确认并提供更新的会议议程,会议议程内容与系统填报的实际会议情况不一致请确认并提供更新的会议议程
MN050954,05,三方会-支持,09,会议推广材料制作,54,会议议程_不完整,会议议程需包含会议日期、会议开展时间、会议地点、会议内容、演讲主题和演讲人,请补充提供,会议议程需包含会议日期、会议开展时间、会议地点、会议内容、演讲主题和演讲人请补充提供
MN050955,05,三方会-支持,09,会议推广材料制作,55,会议签到_系统人数不一致,系统实际内外部参会人数与签到表不一致,请确认实际内外部参会人数，并解释说明,系统实际内外部参会人数与签到表不一致请确认实际内外部参会人数，并解释说明
MN050956,05,三方会-支持,09,会议推广材料制作,56,会议签到_第三方大会签到,根据SOP规定，所支持HCP签到为第三方大会签到，需提供大会邀请确认函,请提供,根据SOP规定，所支持HCP签到为第三方大会签到，需提供大会邀请确认函请提供
MN050957,05,三方会-支持,09,会议推广材料制作,57,会议签到_缺线下签到原件,根据SOP规定，非第三方大会的线下签到单原件需邮寄至我司,请将原件邮寄至我司，邮寄后提供快递单号,根据SOP规定，非第三方大会的线下签到单原件需邮寄至我司请将原件邮寄至我司，邮寄后提供快递单号
MN050958,05,三方会-支持,09,会议推广材料制作,58,会议签到_线下签到缺审批,根据SOP规定，线下签到表下方的“负责与会医疗专业人士的内部员工签字（确认以上签字及备注属实）”和“直线经理签字（确认以上签字及代表说明复核公司要求）”需相应负责人签字,将为您寄回线下签到表，请补充签字后原件寄回我司,根据SOP规定，线下签到表下方的“负责与会医疗专业人士的内部员工签字（确认以上签字及备注属实）”和“直线经理签字（确认以上签字及代表说明复核公司要求）”需相应负责人签字将为您寄回线下签到表，请补充签字后原件寄回我司
MN050959,05,三方会-支持,09,会议推广材料制作,59,会议照片_缺水印,根据SOP规定，会议照片需使用水印相机拍摄活动现场照片，并注明活动时间、活动地点、活动主题,请补充提供，如不符合要求将不予报销,根据SOP规定，会议照片需使用水印相机拍摄活动现场照片，并注明活动时间、活动地点、活动主题请补充提供，如不符合要求将不予报销
MN050960,05,三方会-支持,09,会议推广材料制作,60,会议照片_缺会议主题,根据SOP规定，会议照片需体现并反映会议主题（如PPT标题、横幅、易拉宝等），且照片中的会议主题需清洗,请补充提供，如不符合要求将不予报销,根据SOP规定，会议照片需体现并反映会议主题（如PPT标题、横幅、易拉宝等），且照片中的会议主题需清洗请补充提供，如不符合要求将不予报销
MN050961,05,三方会-支持,09,会议推广材料制作,61,会议照片_缺支持HCP,根据SOP规定，会议照片应显示所支持HCP,请补充提供，如不符合要求将不予报销,根据SOP规定，会议照片应显示所支持HCP请补充提供，如不符合要求将不予报销
MN050962,05,三方会-支持,09,会议推广材料制作,62,会议照片_水印与议程不一致,根据SOP规定，会议照片水印所反映拍摄时间与会议议程相一致,请补充提供，如不符合要求将不予报销,根据SOP规定，会议照片水印所反映拍摄时间与会议议程相一致请补充提供，如不符合要求将不予报销
MN050963,05,三方会-支持,09,会议推广材料制作,63,会议人数_内部人数不符,根据SOP规定，三方会-支持内部参会者不可少于1人（包含会议组织者）,请确认实际内部参会人数,根据SOP规定，三方会-支持内部参会者不可少于1人（包含会议组织者）请确认实际内部参会人数
MN050964,05,三方会-支持,09,会议推广材料制作,64,报销范围_时效,根据SOP规定，原则上公司仅承担学术活动会议议程前后24小时内所产生的相关费用，例外事项需提供部门负责人及合规审计总监的共同批准,如需报销请提供特批,根据SOP规定，原则上公司仅承担学术活动会议议程前后24小时内所产生的相关费用，例外事项需提供部门负责人及合规审计总监的共同批准如需报销请提供特批
MN050965,05,三方会-支持,09,会议推广材料制作,65,报销范围_费用,根据SOP规定，学术论坛可报销费用有餐饮、住宿费和交通费,额外费用不予报销已为您扣除,根据SOP规定，学术论坛可报销费用有餐饮、住宿费和交通费额外费用不予报销已为您扣除
MN051001,05,三方会-支持,10,会议住宿费,01,HCP住宿标准,根据SOP规定，提供HCP的住宿费北上广深不得超过1000元/人/晚，其他城市不超过750元/人/晚，海外城市不超过2000元/人/晚，高于上述标准的住宿费需事前获得业务部负责人和合规审计部负责人的书面批准,请提供,根据SOP规定，提供HCP的住宿费北上广深不得超过1000元/人/晚，其他城市不超过750元/人/晚，海外城市不超过2000元/人/晚，高于上述标准的住宿费需事前获得业务部负责人和合规审计部负责人的书面批准请提供
MN051002,05,三方会-支持,10,会议住宿费,02,个人卡支付,根据SOP规定，个人银行卡支付超过300元，需提供付款记录及带有持卡人姓名的个人卡照片或银行对账单,请提供,根据SOP规定，个人银行卡支付超过300元，需提供付款记录及带有持卡人姓名的个人卡照片或银行对账单请提供
MN051003,05,三方会-支持,10,会议住宿费,03,现金支付,"“微信零钱”、""支付宝花呗”及“京东白条”支付，系统付款类型应选择“现金”非“个人卡”，需驳回修改",已为您系统驳回，请重新提交完成业务审批流程后@通知审核员,"“微信零钱”、""支付宝花呗”及“京东白条”支付，系统付款类型应选择“现金”非“个人卡”，需驳回修改已为您系统驳回，请重新提交完成业务审批流程后@通知审核员"
MN051051,05,三方会-支持,10,会议住宿费,51,会议权限_学术论坛,根据SOP规定，三方会-支持可举办的组织者岗位为地区业务销售经理及以上、市场和医学，您无权限举办此类型会议,请提供逐级审批至部门负责人的授权邮件并抄送合规,根据SOP规定，三方会-支持可举办的组织者岗位为地区业务销售经理及以上、市场和医学，您无权限举办此类型会议请提供逐级审批至部门负责人的授权邮件并抄送合规
MN051052,05,三方会-支持,10,会议住宿费,52,会议议程_变更,学会活动变更会议时间、会议地点需提供企业微信变更流程或变更审批邮件,请提供,学会活动变更会议时间、会议地点需提供企业微信变更流程或变更审批邮件请提供
MN051053,05,三方会-支持,10,会议住宿费,53,会议议程_不一致,会议议程内容与系统填报的实际会议情况不一致,请确认并提供更新的会议议程,会议议程内容与系统填报的实际会议情况不一致请确认并提供更新的会议议程
MN051054,05,三方会-支持,10,会议住宿费,54,会议议程_不完整,会议议程需包含会议日期、会议开展时间、会议地点、会议内容、演讲主题和演讲人,请补充提供,会议议程需包含会议日期、会议开展时间、会议地点、会议内容、演讲主题和演讲人请补充提供
MN051055,05,三方会-支持,10,会议住宿费,55,会议签到_系统人数不一致,系统实际内外部参会人数与签到表不一致,请确认实际内外部参会人数，并解释说明,系统实际内外部参会人数与签到表不一致请确认实际内外部参会人数，并解释说明
MN051056,05,三方会-支持,10,会议住宿费,56,会议签到_第三方大会签到,根据SOP规定，所支持HCP签到为第三方大会签到，需提供大会邀请确认函,请提供,根据SOP规定，所支持HCP签到为第三方大会签到，需提供大会邀请确认函请提供
MN051057,05,三方会-支持,10,会议住宿费,57,会议签到_缺线下签到原件,根据SOP规定，非第三方大会的线下签到单原件需邮寄至我司,请将原件邮寄至我司，邮寄后提供快递单号,根据SOP规定，非第三方大会的线下签到单原件需邮寄至我司请将原件邮寄至我司，邮寄后提供快递单号
MN051058,05,三方会-支持,10,会议住宿费,58,会议签到_线下签到缺审批,根据SOP规定，线下签到表下方的“负责与会医疗专业人士的内部员工签字（确认以上签字及备注属实）”和“直线经理签字（确认以上签字及代表说明复核公司要求）”需相应负责人签字,将为您寄回线下签到表，请补充签字后原件寄回我司,根据SOP规定，线下签到表下方的“负责与会医疗专业人士的内部员工签字（确认以上签字及备注属实）”和“直线经理签字（确认以上签字及代表说明复核公司要求）”需相应负责人签字将为您寄回线下签到表，请补充签字后原件寄回我司
MN051059,05,三方会-支持,10,会议住宿费,59,会议照片_缺水印,根据SOP规定，会议照片需使用水印相机拍摄活动现场照片，并注明活动时间、活动地点、活动主题,请补充提供，如不符合要求将不予报销,根据SOP规定，会议照片需使用水印相机拍摄活动现场照片，并注明活动时间、活动地点、活动主题请补充提供，如不符合要求将不予报销
MN051060,05,三方会-支持,10,会议住宿费,60,会议照片_缺会议主题,根据SOP规定，会议照片需体现并反映会议主题（如PPT标题、横幅、易拉宝等），且照片中的会议主题需清洗,请补充提供，如不符合要求将不予报销,根据SOP规定，会议照片需体现并反映会议主题（如PPT标题、横幅、易拉宝等），且照片中的会议主题需清洗请补充提供，如不符合要求将不予报销
MN051061,05,三方会-支持,10,会议住宿费,61,会议照片_缺支持HCP,根据SOP规定，会议照片应显示所支持HCP,请补充提供，如不符合要求将不予报销,根据SOP规定，会议照片应显示所支持HCP请补充提供，如不符合要求将不予报销
MN051062,05,三方会-支持,10,会议住宿费,62,会议照片_水印与议程不一致,根据SOP规定，会议照片水印所反映拍摄时间与会议议程相一致,请补充提供，如不符合要求将不予报销,根据SOP规定，会议照片水印所反映拍摄时间与会议议程相一致请补充提供，如不符合要求将不予报销
MN051063,05,三方会-支持,10,会议住宿费,63,会议人数_内部人数不符,根据SOP规定，三方会-支持内部参会者不可少于1人（包含会议组织者）,请确认实际内部参会人数,根据SOP规定，三方会-支持内部参会者不可少于1人（包含会议组织者）请确认实际内部参会人数
MN051064,05,三方会-支持,10,会议住宿费,64,报销范围_时效,根据SOP规定，原则上公司仅承担学术活动会议议程前后24小时内所产生的相关费用，例外事项需提供部门负责人及合规审计总监的共同批准,如需报销请提供特批,根据SOP规定，原则上公司仅承担学术活动会议议程前后24小时内所产生的相关费用，例外事项需提供部门负责人及合规审计总监的共同批准如需报销请提供特批
MN051065,05,三方会-支持,10,会议住宿费,65,报销范围_费用,根据SOP规定，学术论坛可报销费用有餐饮、住宿费和交通费,额外费用不予报销已为您扣除,根据SOP规定，学术论坛可报销费用有餐饮、住宿费和交通费额外费用不予报销已为您扣除
MN051101,05,三方会-支持,11,会议杂项开支,01,个人卡支付,根据SOP规定，个人银行卡支付超过300元，需提供付款记录及带有持卡人姓名的个人卡照片或银行对账单,请提供,根据SOP规定，个人银行卡支付超过300元，需提供付款记录及带有持卡人姓名的个人卡照片或银行对账单请提供
MN051102,05,三方会-支持,11,会议杂项开支,02,现金支付,"“微信零钱”、""支付宝花呗”及“京东白条”支付，系统付款类型应选择“现金”非“个人卡”，需驳回修改",已为您系统驳回，请重新提交完成业务审批流程后@通知审核员,"“微信零钱”、""支付宝花呗”及“京东白条”支付，系统付款类型应选择“现金”非“个人卡”，需驳回修改已为您系统驳回，请重新提交完成业务审批流程后@通知审核员"
MN051151,05,三方会-支持,11,会议杂项开支,51,会议权限_学术论坛,根据SOP规定，三方会-支持可举办的组织者岗位为地区业务销售经理及以上、市场和医学，您无权限举办此类型会议,请提供逐级审批至部门负责人的授权邮件并抄送合规,根据SOP规定，三方会-支持可举办的组织者岗位为地区业务销售经理及以上、市场和医学，您无权限举办此类型会议请提供逐级审批至部门负责人的授权邮件并抄送合规
MN051152,05,三方会-支持,11,会议杂项开支,52,会议议程_变更,学会活动变更会议时间、会议地点需提供企业微信变更流程或变更审批邮件,请提供,学会活动变更会议时间、会议地点需提供企业微信变更流程或变更审批邮件请提供
MN051153,05,三方会-支持,11,会议杂项开支,53,会议议程_不一致,会议议程内容与系统填报的实际会议情况不一致,请确认并提供更新的会议议程,会议议程内容与系统填报的实际会议情况不一致请确认并提供更新的会议议程
MN051154,05,三方会-支持,11,会议杂项开支,54,会议议程_不完整,会议议程需包含会议日期、会议开展时间、会议地点、会议内容、演讲主题和演讲人,请补充提供,会议议程需包含会议日期、会议开展时间、会议地点、会议内容、演讲主题和演讲人请补充提供
MN051155,05,三方会-支持,11,会议杂项开支,55,会议签到_系统人数不一致,系统实际内外部参会人数与签到表不一致,请确认实际内外部参会人数，并解释说明,系统实际内外部参会人数与签到表不一致请确认实际内外部参会人数，并解释说明
MN051156,05,三方会-支持,11,会议杂项开支,56,会议签到_第三方大会签到,根据SOP规定，所支持HCP签到为第三方大会签到，需提供大会邀请确认函,请提供,根据SOP规定，所支持HCP签到为第三方大会签到，需提供大会邀请确认函请提供
MN051157,05,三方会-支持,11,会议杂项开支,57,会议签到_缺线下签到原件,根据SOP规定，非第三方大会的线下签到单原件需邮寄至我司,请将原件邮寄至我司，邮寄后提供快递单号,根据SOP规定，非第三方大会的线下签到单原件需邮寄至我司请将原件邮寄至我司，邮寄后提供快递单号
MN051158,05,三方会-支持,11,会议杂项开支,58,会议签到_线下签到缺审批,根据SOP规定，线下签到表下方的“负责与会医疗专业人士的内部员工签字（确认以上签字及备注属实）”和“直线经理签字（确认以上签字及代表说明复核公司要求）”需相应负责人签字,将为您寄回线下签到表，请补充签字后原件寄回我司,根据SOP规定，线下签到表下方的“负责与会医疗专业人士的内部员工签字（确认以上签字及备注属实）”和“直线经理签字（确认以上签字及代表说明复核公司要求）”需相应负责人签字将为您寄回线下签到表，请补充签字后原件寄回我司
MN051159,05,三方会-支持,11,会议杂项开支,59,会议照片_缺水印,根据SOP规定，会议照片需使用水印相机拍摄活动现场照片，并注明活动时间、活动地点、活动主题,请补充提供，如不符合要求将不予报销,根据SOP规定，会议照片需使用水印相机拍摄活动现场照片，并注明活动时间、活动地点、活动主题请补充提供，如不符合要求将不予报销
MN051160,05,三方会-支持,11,会议杂项开支,60,会议照片_缺会议主题,根据SOP规定，会议照片需体现并反映会议主题（如PPT标题、横幅、易拉宝等），且照片中的会议主题需清洗,请补充提供，如不符合要求将不予报销,根据SOP规定，会议照片需体现并反映会议主题（如PPT标题、横幅、易拉宝等），且照片中的会议主题需清洗请补充提供，如不符合要求将不予报销
MN051161,05,三方会-支持,11,会议杂项开支,61,会议照片_缺支持HCP,根据SOP规定，会议照片应显示所支持HCP,请补充提供，如不符合要求将不予报销,根据SOP规定，会议照片应显示所支持HCP请补充提供，如不符合要求将不予报销
MN051162,05,三方会-支持,11,会议杂项开支,62,会议照片_水印与议程不一致,根据SOP规定，会议照片水印所反映拍摄时间与会议议程相一致,请补充提供，如不符合要求将不予报销,根据SOP规定，会议照片水印所反映拍摄时间与会议议程相一致请补充提供，如不符合要求将不予报销
MN051163,05,三方会-支持,11,会议杂项开支,63,会议人数_内部人数不符,根据SOP规定，三方会-支持内部参会者不可少于1人（包含会议组织者）,请确认实际内部参会人数,根据SOP规定，三方会-支持内部参会者不可少于1人（包含会议组织者）请确认实际内部参会人数
MN051164,05,三方会-支持,11,会议杂项开支,64,报销范围_时效,根据SOP规定，原则上公司仅承担学术活动会议议程前后24小时内所产生的相关费用，例外事项需提供部门负责人及合规审计总监的共同批准,如需报销请提供特批,根据SOP规定，原则上公司仅承担学术活动会议议程前后24小时内所产生的相关费用，例外事项需提供部门负责人及合规审计总监的共同批准如需报销请提供特批
MN051165,05,三方会-支持,11,会议杂项开支,65,报销范围_费用,根据SOP规定，学术论坛可报销费用有餐饮、住宿费和交通费,额外费用不予报销已为您扣除,根据SOP规定，学术论坛可报销费用有餐饮、住宿费和交通费额外费用不予报销已为您扣除
MN060101,06,培训会,01,会议讲课费,01,非讲者库讲者,根据SOP规定，报销讲课费的讲者必须是讲者库中的讲者，且不能在会议结束后特批补入库,不符合要求不予支付讲课费,根据SOP规定，报销讲课费的讲者必须是讲者库中的讲者，且不能在会议结束后特批补入库不符合要求不予支付讲课费
MN060102,06,培训会,01,会议讲课费,02,业务约定书不完整,根据SOP规定，业务约定书需完整正确的填写，并由HCP签字后将完整原件邮寄至我司,请提供,根据SOP规定，业务约定书需完整正确的填写，并由HCP签字后将完整原件邮寄至我司请提供
MN060103,06,培训会,01,会议讲课费,03,讲者人数超标,根据SOP规定，培训会讲者人数与参会人数比例比低于1:5,请确认，并告知需扣除讲课费的HCP姓名,根据SOP规定，培训会讲者人数与参会人数比例比低于1:5请确认，并告知需扣除讲课费的HCP姓名
MN060105,06,培训会,01,会议讲课费,05,讲者未全程参会,根据SOP规定，支付讲课费的专家需全程参会，并签到,请补充提供签到，不符合要求不予支付讲课费,根据SOP规定，支付讲课费的专家需全程参会，并签到请补充提供签到，不符合要求不予支付讲课费
MN060106,06,培训会,01,会议讲课费,06,演讲时长不达标,根据SOP规定，培训会若采取老师授课形式，则演讲时间不少于20分钟,不符合要求不予支付讲课费,根据SOP规定，培训会若采取老师授课形式，则演讲时间不少于20分钟不符合要求不予支付讲课费
MN060107,06,培训会,01,会议讲课费,07,点评时长不达标,根据SOP规定，培训会若采取点评、指导或辅导形式，老师累计点评时间不得少于10分钟,不符合要求不予支付讲课费,根据SOP规定，培训会若采取点评、指导或辅导形式，老师累计点评时间不得少于10分钟不符合要求不予支付讲课费
MN060108,06,培训会,01,会议讲课费,08,讲课费标准,根据SOP规定，培训会若采取点评、指导或辅导形式，讲课费支付标准为80%*职级标准,将为您扣除差额,根据SOP规定，培训会若采取点评、指导或辅导形式，讲课费支付标准为80%*职级标准将为您扣除差额
MN060109,06,培训会,01,会议讲课费,09,讲者级别,根据SOP规定，培训会点评专家限全国级和区域级HCP,不符合要求不予支付讲课费,根据SOP规定，培训会点评专家限全国级和区域级HCP不符合要求不予支付讲课费
MN060151,06,培训会,01,会议讲课费,51,会议权限_学术论坛,根据SOP规定，培训会可举办的组织者岗位为市场部经理及以上级别和大区业务销售经理及以上，您无权限举办此类型会议,请提供逐级审批至部门负责人的授权邮件并抄送合规,根据SOP规定，培训会可举办的组织者岗位为市场部经理及以上级别和大区业务销售经理及以上，您无权限举办此类型会议请提供逐级审批至部门负责人的授权邮件并抄送合规
MN060152,06,培训会,01,会议讲课费,52,会议议程_变更,学会活动变更会议时间、会议地点需提供企业微信变更流程或变更审批邮件,请提供,学会活动变更会议时间、会议地点需提供企业微信变更流程或变更审批邮件请提供
MN060153,06,培训会,01,会议讲课费,53,会议议程_不一致,会议议程内容与系统填报的实际会议情况不一致,请确认并提供更新的会议议程,会议议程内容与系统填报的实际会议情况不一致请确认并提供更新的会议议程
MN060154,06,培训会,01,会议讲课费,54,会议议程_不完整,会议议程需包含会议日期、会议开展时间、会议地点、会议内容、演讲主题和演讲人,请补充提供,会议议程需包含会议日期、会议开展时间、会议地点、会议内容、演讲主题和演讲人请补充提供
MN060155,06,培训会,01,会议讲课费,55,会议议程_时长不足,根据SOP规定，培训会会议时长需≥ 半天（2-4H）,请确认,根据SOP规定，培训会会议时长需≥ 半天（2-4H）请确认
MN060156,06,培训会,01,会议讲课费,56,会议地点_禁止景区,根据SOP规定，禁止在景区名胜或铺张奢侈的地点举办或参加会议,不符合要求不予报销,根据SOP规定，禁止在景区名胜或铺张奢侈的地点举办或参加会议不符合要求不予报销
MN060157,06,培训会,01,会议讲课费,57,会议地点_禁止场所,根据SOP规定，禁止在水疗会所、温泉、度假、滑雪、高尔夫、赌博、邮轮、洗浴中心、KTV娱乐及以以上为主业的场所举办学术活动或进行业务招待活动,不符合要求不予报销,根据SOP规定，禁止在水疗会所、温泉、度假、滑雪、高尔夫、赌博、邮轮、洗浴中心、KTV娱乐及以以上为主业的场所举办学术活动或进行业务招待活动不符合要求不予报销
MN060158,06,培训会,01,会议讲课费,58,会议签到_系统人数不一致,系统实际内外部参会人数与签到表不一致,请确认实际内外部参会人数，并解释说明,系统实际内外部参会人数与签到表不一致请确认实际内外部参会人数，并解释说明
MN060159,06,培训会,01,会议讲课费,59,会议签到_整场未电子签到,根据SOP规定，整场会议未使用电子签到单需提供逐级审批至部门负责人的审批邮件,请提供,根据SOP规定，整场会议未使用电子签到单需提供逐级审批至部门负责人的审批邮件请提供
MN060160,06,培训会,01,会议讲课费,60,会议签到_缺线下签到原件,根据SOP规定，线下签到单原件需邮寄至我司,请将原件邮寄至我司，邮寄后提供快递单号,根据SOP规定，线下签到单原件需邮寄至我司请将原件邮寄至我司，邮寄后提供快递单号
MN060161,06,培训会,01,会议讲课费,61,会议签到_线下签到缺审批,根据SOP规定，线下签到表下方的“负责与会医疗专业人士的内部员工签字（确认以上签字及备注属实）”和“直线经理签字（确认以上签字及代表说明复核公司要求）”需相应负责人签字,将为您寄回线下签到表，请补充签字后原件寄回我司,根据SOP规定，线下签到表下方的“负责与会医疗专业人士的内部员工签字（确认以上签字及备注属实）”和“直线经理签字（确认以上签字及代表说明复核公司要求）”需相应负责人签字将为您寄回线下签到表，请补充签字后原件寄回我司
MN060162,06,培训会,01,会议讲课费,62,会议照片_缺水印,根据SOP规定，会议照片需使用水印相机拍摄活动现场照片，并注明活动时间、活动地点、活动主题,请补充提供，如不符合要求将不予报销,根据SOP规定，会议照片需使用水印相机拍摄活动现场照片，并注明活动时间、活动地点、活动主题请补充提供，如不符合要求将不予报销
MN060163,06,培训会,01,会议讲课费,63,会议照片_缺会议主题,根据SOP规定，会议照片需体现并反映会议主题（如PPT标题、横幅、易拉宝等），且照片中的会议主题需清洗,请补充提供，如不符合要求将不予报销,根据SOP规定，会议照片需体现并反映会议主题（如PPT标题、横幅、易拉宝等），且照片中的会议主题需清洗请补充提供，如不符合要求将不予报销
MN060164,06,培训会,01,会议讲课费,64,会议照片_缺付费讲者,根据SOP规定，付费讲者需提供正面清晰演讲照片，照片应体现付费讲者和一张会议幻灯稿同框的场景，要求可识别付费讲者并能体现所参加会议,请补充提供，如不符合要求将不予报销,根据SOP规定，付费讲者需提供正面清晰演讲照片，照片应体现付费讲者和一张会议幻灯稿同框的场景，要求可识别付费讲者并能体现所参加会议请补充提供，如不符合要求将不予报销
MN060165,06,培训会,01,会议讲课费,65,会议照片_水印与议程不一致,根据SOP规定，会议照片水印所反映拍摄时间与会议议程相一致,请补充提供，如不符合要求将不予报销,根据SOP规定，会议照片水印所反映拍摄时间与会议议程相一致请补充提供，如不符合要求将不予报销
MN060166,06,培训会,01,会议讲课费,66,会议照片_人数标准不符,根据SOP规定，培训会会议照片需显示50%及以上参会人员（内+外）,请补充提供，如不符合要求将不予报销,根据SOP规定，培训会会议照片需显示50%及以上参会人员（内+外）请补充提供，如不符合要求将不予报销
MN060167,06,培训会,01,会议讲课费,67,会议人数_内部人数不符,根据SOP规定，培训会内部参与培训人员不得低于5人,请确认实际内部参会人数,根据SOP规定，培训会内部参与培训人员不得低于5人请确认实际内部参会人数
MN060168,06,培训会,01,会议讲课费,68,报销范围_时效,根据SOP规定，原则上公司仅承担学术活动会议议程前后24小时内所产生的相关费用，例外事项需提供部门负责人及合规审计总监的共同批准,如需报销请提供特批,根据SOP规定，原则上公司仅承担学术活动会议议程前后24小时内所产生的相关费用，例外事项需提供部门负责人及合规审计总监的共同批准如需报销请提供特批
MN060169,06,培训会,01,会议讲课费,69,报销范围_费用,根据SOP规定，培训会可报销费用有讲课费、餐饮、住宿费、场租和交通费,额外费用不予报销已为您扣除,根据SOP规定，培训会可报销费用有讲课费、餐饮、住宿费、场租和交通费额外费用不予报销已为您扣除
MN060201,06,培训会,02,会议餐费,01,缺餐厅门头照,根据SOP规定，会议餐费需提供餐厅门头照,请提供,根据SOP规定，会议餐费需提供餐厅门头照请提供
MN060202,06,培训会,02,会议餐费,02,餐费与会议时间不相连,根据SOP规定，会议餐费用餐时间应与会议时间相连，且与正常午餐或晚餐时间相近,请解释说明,根据SOP规定，会议餐费用餐时间应与会议时间相连，且与正常午餐或晚餐时间相近请解释说明
MN060203,06,培训会,02,会议餐费,03,会议餐费超人均,根据SOP规定，会议餐费，不应超过人均 300 元。如有超过上述标准的特殊情况，需获得部门负责人的审批,请提供,根据SOP规定，会议餐费，不应超过人均 300 元。如有超过上述标准的特殊情况，需获得部门负责人的审批请提供
MN060204,06,培训会,02,会议餐费,04,缺少水单,根据SOP规定，会议餐费≥300元，需提供水单明细,请将水单原件邮寄至我司，并将水单照片或扫描件补充上传至评论区,根据SOP规定，会议餐费≥300元，需提供水单明细请将水单原件邮寄至我司，并将水单照片或扫描件补充上传至评论区
MN060205,06,培训会,02,会议餐费,05,个人卡支付,根据SOP规定，个人银行卡支付超过300元，需提供付款记录及带有持卡人姓名的个人卡照片或银行对账单,请提供,根据SOP规定，个人银行卡支付超过300元，需提供付款记录及带有持卡人姓名的个人卡照片或银行对账单请提供
MN060206,06,培训会,02,会议餐费,06,现金支付,"“微信零钱”、""支付宝花呗”及“京东白条”支付，系统付款类型应选择“现金”非“个人卡”，需驳回修改",已为您系统驳回，请重新提交完成业务审批流程后@通知审核员,"“微信零钱”、""支付宝花呗”及“京东白条”支付，系统付款类型应选择“现金”非“个人卡”，需驳回修改已为您系统驳回，请重新提交完成业务审批流程后@通知审核员"
MN060251,06,培训会,02,会议餐费,51,会议权限_学术论坛,根据SOP规定，培训会可举办的组织者岗位为市场部经理及以上级别和大区业务销售经理及以上，您无权限举办此类型会议,请提供逐级审批至部门负责人的授权邮件并抄送合规,根据SOP规定，培训会可举办的组织者岗位为市场部经理及以上级别和大区业务销售经理及以上，您无权限举办此类型会议请提供逐级审批至部门负责人的授权邮件并抄送合规
MN060252,06,培训会,02,会议餐费,52,会议议程_变更,学会活动变更会议时间、会议地点需提供企业微信变更流程或变更审批邮件,请提供,学会活动变更会议时间、会议地点需提供企业微信变更流程或变更审批邮件请提供
MN060253,06,培训会,02,会议餐费,53,会议议程_不一致,会议议程内容与系统填报的实际会议情况不一致,请确认并提供更新的会议议程,会议议程内容与系统填报的实际会议情况不一致请确认并提供更新的会议议程
MN060254,06,培训会,02,会议餐费,54,会议议程_不完整,会议议程需包含会议日期、会议开展时间、会议地点、会议内容、演讲主题和演讲人,请补充提供,会议议程需包含会议日期、会议开展时间、会议地点、会议内容、演讲主题和演讲人请补充提供
MN060255,06,培训会,02,会议餐费,55,会议议程_时长不足,根据SOP规定，培训会会议时长需≥ 半天（2-4H）,请确认,根据SOP规定，培训会会议时长需≥ 半天（2-4H）请确认
MN060256,06,培训会,02,会议餐费,56,会议地点_禁止景区,根据SOP规定，禁止在景区名胜或铺张奢侈的地点举办或参加会议,不符合要求不予报销,根据SOP规定，禁止在景区名胜或铺张奢侈的地点举办或参加会议不符合要求不予报销
MN060257,06,培训会,02,会议餐费,57,会议地点_禁止场所,根据SOP规定，禁止在水疗会所、温泉、度假、滑雪、高尔夫、赌博、邮轮、洗浴中心、KTV娱乐及以以上为主业的场所举办学术活动或进行业务招待活动,不符合要求不予报销,根据SOP规定，禁止在水疗会所、温泉、度假、滑雪、高尔夫、赌博、邮轮、洗浴中心、KTV娱乐及以以上为主业的场所举办学术活动或进行业务招待活动不符合要求不予报销
MN060258,06,培训会,02,会议餐费,58,会议签到_系统人数不一致,系统实际内外部参会人数与签到表不一致,请确认实际内外部参会人数，并解释说明,系统实际内外部参会人数与签到表不一致请确认实际内外部参会人数，并解释说明
MN060259,06,培训会,02,会议餐费,59,会议签到_整场未电子签到,根据SOP规定，整场会议未使用电子签到单需提供逐级审批至部门负责人的审批邮件,请提供,根据SOP规定，整场会议未使用电子签到单需提供逐级审批至部门负责人的审批邮件请提供
MN060260,06,培训会,02,会议餐费,60,会议签到_缺线下签到原件,根据SOP规定，线下签到单原件需邮寄至我司,请将原件邮寄至我司，邮寄后提供快递单号,根据SOP规定，线下签到单原件需邮寄至我司请将原件邮寄至我司，邮寄后提供快递单号
MN060261,06,培训会,02,会议餐费,61,会议签到_线下签到缺审批,根据SOP规定，线下签到表下方的“负责与会医疗专业人士的内部员工签字（确认以上签字及备注属实）”和“直线经理签字（确认以上签字及代表说明复核公司要求）”需相应负责人签字,将为您寄回线下签到表，请补充签字后原件寄回我司,根据SOP规定，线下签到表下方的“负责与会医疗专业人士的内部员工签字（确认以上签字及备注属实）”和“直线经理签字（确认以上签字及代表说明复核公司要求）”需相应负责人签字将为您寄回线下签到表，请补充签字后原件寄回我司
MN060262,06,培训会,02,会议餐费,62,会议照片_缺水印,根据SOP规定，会议照片需使用水印相机拍摄活动现场照片，并注明活动时间、活动地点、活动主题,请补充提供，如不符合要求将不予报销,根据SOP规定，会议照片需使用水印相机拍摄活动现场照片，并注明活动时间、活动地点、活动主题请补充提供，如不符合要求将不予报销
MN060263,06,培训会,02,会议餐费,63,会议照片_缺会议主题,根据SOP规定，会议照片需体现并反映会议主题（如PPT标题、横幅、易拉宝等），且照片中的会议主题需清洗,请补充提供，如不符合要求将不予报销,根据SOP规定，会议照片需体现并反映会议主题（如PPT标题、横幅、易拉宝等），且照片中的会议主题需清洗请补充提供，如不符合要求将不予报销
MN060264,06,培训会,02,会议餐费,64,会议照片_缺付费讲者,根据SOP规定，付费讲者需提供正面清晰演讲照片，照片应体现付费讲者和一张会议幻灯稿同框的场景，要求可识别付费讲者并能体现所参加会议,请补充提供，如不符合要求将不予报销,根据SOP规定，付费讲者需提供正面清晰演讲照片，照片应体现付费讲者和一张会议幻灯稿同框的场景，要求可识别付费讲者并能体现所参加会议请补充提供，如不符合要求将不予报销
MN060265,06,培训会,02,会议餐费,65,会议照片_水印与议程不一致,根据SOP规定，会议照片水印所反映拍摄时间与会议议程相一致,请补充提供，如不符合要求将不予报销,根据SOP规定，会议照片水印所反映拍摄时间与会议议程相一致请补充提供，如不符合要求将不予报销
MN060266,06,培训会,02,会议餐费,66,会议照片_人数标准不符,根据SOP规定，培训会会议照片需显示50%及以上参会人员（内+外）,请补充提供，如不符合要求将不予报销,根据SOP规定，培训会会议照片需显示50%及以上参会人员（内+外）请补充提供，如不符合要求将不予报销
MN060267,06,培训会,02,会议餐费,67,会议人数_内部人数不符,根据SOP规定，培训会内部参与培训人员不得低于5人,请确认实际内部参会人数,根据SOP规定，培训会内部参与培训人员不得低于5人请确认实际内部参会人数
MN060268,06,培训会,02,会议餐费,68,报销范围_时效,根据SOP规定，原则上公司仅承担学术活动会议议程前后24小时内所产生的相关费用，例外事项需提供部门负责人及合规审计总监的共同批准,如需报销请提供特批,根据SOP规定，原则上公司仅承担学术活动会议议程前后24小时内所产生的相关费用，例外事项需提供部门负责人及合规审计总监的共同批准如需报销请提供特批
MN060269,06,培训会,02,会议餐费,69,报销范围_费用,根据SOP规定，培训会可报销费用有讲课费、餐饮、住宿费、场租和交通费,额外费用不予报销已为您扣除,根据SOP规定，培训会可报销费用有讲课费、餐饮、住宿费、场租和交通费额外费用不予报销已为您扣除
MN060301,06,培训会,03,会议交通费,01,HCP飞机标准,根据SOP规定，HCP乘坐飞机，需选择经济舱，单程飞行时间超出8小时可提供商务舱。高于上述标准的交通需事前经业务部负责人、合规审计部负责人及 CEO书面批准。,请提供,根据SOP规定，HCP乘坐飞机，需选择经济舱，单程飞行时间超出8小时可提供商务舱。高于上述标准的交通需事前经业务部负责人、合规审计部负责人及 CEO书面批准。请提供
MN060351,06,培训会,03,会议交通费,51,会议权限_学术论坛,根据SOP规定，培训会可举办的组织者岗位为市场部经理及以上级别和大区业务销售经理及以上，您无权限举办此类型会议,请提供逐级审批至部门负责人的授权邮件并抄送合规,根据SOP规定，培训会可举办的组织者岗位为市场部经理及以上级别和大区业务销售经理及以上，您无权限举办此类型会议请提供逐级审批至部门负责人的授权邮件并抄送合规
MN060352,06,培训会,03,会议交通费,52,会议议程_变更,学会活动变更会议时间、会议地点需提供企业微信变更流程或变更审批邮件,请提供,学会活动变更会议时间、会议地点需提供企业微信变更流程或变更审批邮件请提供
MN060353,06,培训会,03,会议交通费,53,会议议程_不一致,会议议程内容与系统填报的实际会议情况不一致,请确认并提供更新的会议议程,会议议程内容与系统填报的实际会议情况不一致请确认并提供更新的会议议程
MN060354,06,培训会,03,会议交通费,54,会议议程_不完整,会议议程需包含会议日期、会议开展时间、会议地点、会议内容、演讲主题和演讲人,请补充提供,会议议程需包含会议日期、会议开展时间、会议地点、会议内容、演讲主题和演讲人请补充提供
MN060355,06,培训会,03,会议交通费,55,会议议程_时长不足,根据SOP规定，培训会会议时长需≥ 半天（2-4H）,请确认,根据SOP规定，培训会会议时长需≥ 半天（2-4H）请确认
MN060356,06,培训会,03,会议交通费,56,会议地点_禁止景区,根据SOP规定，禁止在景区名胜或铺张奢侈的地点举办或参加会议,不符合要求不予报销,根据SOP规定，禁止在景区名胜或铺张奢侈的地点举办或参加会议不符合要求不予报销
MN060357,06,培训会,03,会议交通费,57,会议地点_禁止场所,根据SOP规定，禁止在水疗会所、温泉、度假、滑雪、高尔夫、赌博、邮轮、洗浴中心、KTV娱乐及以以上为主业的场所举办学术活动或进行业务招待活动,不符合要求不予报销,根据SOP规定，禁止在水疗会所、温泉、度假、滑雪、高尔夫、赌博、邮轮、洗浴中心、KTV娱乐及以以上为主业的场所举办学术活动或进行业务招待活动不符合要求不予报销
MN060358,06,培训会,03,会议交通费,58,会议签到_系统人数不一致,系统实际内外部参会人数与签到表不一致,请确认实际内外部参会人数，并解释说明,系统实际内外部参会人数与签到表不一致请确认实际内外部参会人数，并解释说明
MN060359,06,培训会,03,会议交通费,59,会议签到_整场未电子签到,根据SOP规定，整场会议未使用电子签到单需提供逐级审批至部门负责人的审批邮件,请提供,根据SOP规定，整场会议未使用电子签到单需提供逐级审批至部门负责人的审批邮件请提供
MN060360,06,培训会,03,会议交通费,60,会议签到_缺线下签到原件,根据SOP规定，线下签到单原件需邮寄至我司,请将原件邮寄至我司，邮寄后提供快递单号,根据SOP规定，线下签到单原件需邮寄至我司请将原件邮寄至我司，邮寄后提供快递单号
MN060361,06,培训会,03,会议交通费,61,会议签到_线下签到缺审批,根据SOP规定，线下签到表下方的“负责与会医疗专业人士的内部员工签字（确认以上签字及备注属实）”和“直线经理签字（确认以上签字及代表说明复核公司要求）”需相应负责人签字,将为您寄回线下签到表，请补充签字后原件寄回我司,根据SOP规定，线下签到表下方的“负责与会医疗专业人士的内部员工签字（确认以上签字及备注属实）”和“直线经理签字（确认以上签字及代表说明复核公司要求）”需相应负责人签字将为您寄回线下签到表，请补充签字后原件寄回我司
MN060362,06,培训会,03,会议交通费,62,会议照片_缺水印,根据SOP规定，会议照片需使用水印相机拍摄活动现场照片，并注明活动时间、活动地点、活动主题,请补充提供，如不符合要求将不予报销,根据SOP规定，会议照片需使用水印相机拍摄活动现场照片，并注明活动时间、活动地点、活动主题请补充提供，如不符合要求将不予报销
MN060363,06,培训会,03,会议交通费,63,会议照片_缺会议主题,根据SOP规定，会议照片需体现并反映会议主题（如PPT标题、横幅、易拉宝等），且照片中的会议主题需清洗,请补充提供，如不符合要求将不予报销,根据SOP规定，会议照片需体现并反映会议主题（如PPT标题、横幅、易拉宝等），且照片中的会议主题需清洗请补充提供，如不符合要求将不予报销
MN060364,06,培训会,03,会议交通费,64,会议照片_缺付费讲者,根据SOP规定，付费讲者需提供正面清晰演讲照片，照片应体现付费讲者和一张会议幻灯稿同框的场景，要求可识别付费讲者并能体现所参加会议,请补充提供，如不符合要求将不予报销,根据SOP规定，付费讲者需提供正面清晰演讲照片，照片应体现付费讲者和一张会议幻灯稿同框的场景，要求可识别付费讲者并能体现所参加会议请补充提供，如不符合要求将不予报销
MN060365,06,培训会,03,会议交通费,65,会议照片_水印与议程不一致,根据SOP规定，会议照片水印所反映拍摄时间与会议议程相一致,请补充提供，如不符合要求将不予报销,根据SOP规定，会议照片水印所反映拍摄时间与会议议程相一致请补充提供，如不符合要求将不予报销
MN060366,06,培训会,03,会议交通费,66,会议照片_人数标准不符,根据SOP规定，培训会会议照片需显示50%及以上参会人员（内+外）,请补充提供，如不符合要求将不予报销,根据SOP规定，培训会会议照片需显示50%及以上参会人员（内+外）请补充提供，如不符合要求将不予报销
MN060367,06,培训会,03,会议交通费,67,会议人数_内部人数不符,根据SOP规定，培训会内部参与培训人员不得低于5人,请确认实际内部参会人数,根据SOP规定，培训会内部参与培训人员不得低于5人请确认实际内部参会人数
MN060368,06,培训会,03,会议交通费,68,报销范围_时效,根据SOP规定，原则上公司仅承担学术活动会议议程前后24小时内所产生的相关费用，例外事项需提供部门负责人及合规审计总监的共同批准,如需报销请提供特批,根据SOP规定，原则上公司仅承担学术活动会议议程前后24小时内所产生的相关费用，例外事项需提供部门负责人及合规审计总监的共同批准如需报销请提供特批
MN060369,06,培训会,03,会议交通费,69,报销范围_费用,根据SOP规定，培训会可报销费用有讲课费、餐饮、住宿费、场租和交通费,额外费用不予报销已为您扣除,根据SOP规定，培训会可报销费用有讲课费、餐饮、住宿费、场租和交通费额外费用不予报销已为您扣除
MN060401,06,培训会,04,会议租车费,01,会议租车明细,根据SOP规定，租车费用，提供详细行程单，包含：日期、接送人具体时间、客人姓名/电话、行程起点详细地址、送达详细地址、车型、金额等信息,请补充提供,根据SOP规定，租车费用，提供详细行程单，包含：日期、接送人具体时间、客人姓名/电话、行程起点详细地址、送达详细地址、车型、金额等信息请补充提供
MN060402,06,培训会,04,会议租车费,02,个人卡支付,根据SOP规定，个人银行卡支付超过300元，需提供付款记录及带有持卡人姓名的个人卡照片或银行对账单,请提供,根据SOP规定，个人银行卡支付超过300元，需提供付款记录及带有持卡人姓名的个人卡照片或银行对账单请提供
MN060403,06,培训会,04,会议租车费,03,现金支付,"“微信零钱”、""支付宝花呗”及“京东白条”支付，系统付款类型应选择“现金”非“个人卡”，需驳回修改",已为您系统驳回，请重新提交完成业务审批流程后@通知审核员,"“微信零钱”、""支付宝花呗”及“京东白条”支付，系统付款类型应选择“现金”非“个人卡”，需驳回修改已为您系统驳回，请重新提交完成业务审批流程后@通知审核员"
MN060451,06,培训会,04,会议租车费,51,会议权限_学术论坛,根据SOP规定，培训会可举办的组织者岗位为市场部经理及以上级别和大区业务销售经理及以上，您无权限举办此类型会议,请提供逐级审批至部门负责人的授权邮件并抄送合规,根据SOP规定，培训会可举办的组织者岗位为市场部经理及以上级别和大区业务销售经理及以上，您无权限举办此类型会议请提供逐级审批至部门负责人的授权邮件并抄送合规
MN060452,06,培训会,04,会议租车费,52,会议议程_变更,学会活动变更会议时间、会议地点需提供企业微信变更流程或变更审批邮件,请提供,学会活动变更会议时间、会议地点需提供企业微信变更流程或变更审批邮件请提供
MN060453,06,培训会,04,会议租车费,53,会议议程_不一致,会议议程内容与系统填报的实际会议情况不一致,请确认并提供更新的会议议程,会议议程内容与系统填报的实际会议情况不一致请确认并提供更新的会议议程
MN060454,06,培训会,04,会议租车费,54,会议议程_不完整,会议议程需包含会议日期、会议开展时间、会议地点、会议内容、演讲主题和演讲人,请补充提供,会议议程需包含会议日期、会议开展时间、会议地点、会议内容、演讲主题和演讲人请补充提供
MN060455,06,培训会,04,会议租车费,55,会议议程_时长不足,根据SOP规定，培训会会议时长需≥ 半天（2-4H）,请确认,根据SOP规定，培训会会议时长需≥ 半天（2-4H）请确认
MN060456,06,培训会,04,会议租车费,56,会议地点_禁止景区,根据SOP规定，禁止在景区名胜或铺张奢侈的地点举办或参加会议,不符合要求不予报销,根据SOP规定，禁止在景区名胜或铺张奢侈的地点举办或参加会议不符合要求不予报销
MN060457,06,培训会,04,会议租车费,57,会议地点_禁止场所,根据SOP规定，禁止在水疗会所、温泉、度假、滑雪、高尔夫、赌博、邮轮、洗浴中心、KTV娱乐及以以上为主业的场所举办学术活动或进行业务招待活动,不符合要求不予报销,根据SOP规定，禁止在水疗会所、温泉、度假、滑雪、高尔夫、赌博、邮轮、洗浴中心、KTV娱乐及以以上为主业的场所举办学术活动或进行业务招待活动不符合要求不予报销
MN060458,06,培训会,04,会议租车费,58,会议签到_系统人数不一致,系统实际内外部参会人数与签到表不一致,请确认实际内外部参会人数，并解释说明,系统实际内外部参会人数与签到表不一致请确认实际内外部参会人数，并解释说明
MN060459,06,培训会,04,会议租车费,59,会议签到_整场未电子签到,根据SOP规定，整场会议未使用电子签到单需提供逐级审批至部门负责人的审批邮件,请提供,根据SOP规定，整场会议未使用电子签到单需提供逐级审批至部门负责人的审批邮件请提供
MN060460,06,培训会,04,会议租车费,60,会议签到_缺线下签到原件,根据SOP规定，线下签到单原件需邮寄至我司,请将原件邮寄至我司，邮寄后提供快递单号,根据SOP规定，线下签到单原件需邮寄至我司请将原件邮寄至我司，邮寄后提供快递单号
MN060461,06,培训会,04,会议租车费,61,会议签到_线下签到缺审批,根据SOP规定，线下签到表下方的“负责与会医疗专业人士的内部员工签字（确认以上签字及备注属实）”和“直线经理签字（确认以上签字及代表说明复核公司要求）”需相应负责人签字,将为您寄回线下签到表，请补充签字后原件寄回我司,根据SOP规定，线下签到表下方的“负责与会医疗专业人士的内部员工签字（确认以上签字及备注属实）”和“直线经理签字（确认以上签字及代表说明复核公司要求）”需相应负责人签字将为您寄回线下签到表，请补充签字后原件寄回我司
MN060462,06,培训会,04,会议租车费,62,会议照片_缺水印,根据SOP规定，会议照片需使用水印相机拍摄活动现场照片，并注明活动时间、活动地点、活动主题,请补充提供，如不符合要求将不予报销,根据SOP规定，会议照片需使用水印相机拍摄活动现场照片，并注明活动时间、活动地点、活动主题请补充提供，如不符合要求将不予报销
MN060463,06,培训会,04,会议租车费,63,会议照片_缺会议主题,根据SOP规定，会议照片需体现并反映会议主题（如PPT标题、横幅、易拉宝等），且照片中的会议主题需清洗,请补充提供，如不符合要求将不予报销,根据SOP规定，会议照片需体现并反映会议主题（如PPT标题、横幅、易拉宝等），且照片中的会议主题需清洗请补充提供，如不符合要求将不予报销
MN060464,06,培训会,04,会议租车费,64,会议照片_缺付费讲者,根据SOP规定，付费讲者需提供正面清晰演讲照片，照片应体现付费讲者和一张会议幻灯稿同框的场景，要求可识别付费讲者并能体现所参加会议,请补充提供，如不符合要求将不予报销,根据SOP规定，付费讲者需提供正面清晰演讲照片，照片应体现付费讲者和一张会议幻灯稿同框的场景，要求可识别付费讲者并能体现所参加会议请补充提供，如不符合要求将不予报销
MN060465,06,培训会,04,会议租车费,65,会议照片_水印与议程不一致,根据SOP规定，会议照片水印所反映拍摄时间与会议议程相一致,请补充提供，如不符合要求将不予报销,根据SOP规定，会议照片水印所反映拍摄时间与会议议程相一致请补充提供，如不符合要求将不予报销
MN060466,06,培训会,04,会议租车费,66,会议照片_人数标准不符,根据SOP规定，培训会会议照片需显示50%及以上参会人员（内+外）,请补充提供，如不符合要求将不予报销,根据SOP规定，培训会会议照片需显示50%及以上参会人员（内+外）请补充提供，如不符合要求将不予报销
MN060467,06,培训会,04,会议租车费,67,会议人数_内部人数不符,根据SOP规定，培训会内部参与培训人员不得低于5人,请确认实际内部参会人数,根据SOP规定，培训会内部参与培训人员不得低于5人请确认实际内部参会人数
MN060468,06,培训会,04,会议租车费,68,报销范围_时效,根据SOP规定，原则上公司仅承担学术活动会议议程前后24小时内所产生的相关费用，例外事项需提供部门负责人及合规审计总监的共同批准,如需报销请提供特批,根据SOP规定，原则上公司仅承担学术活动会议议程前后24小时内所产生的相关费用，例外事项需提供部门负责人及合规审计总监的共同批准如需报销请提供特批
MN060469,06,培训会,04,会议租车费,69,报销范围_费用,根据SOP规定，培训会可报销费用有讲课费、餐饮、住宿费、场租和交通费,额外费用不予报销已为您扣除,根据SOP规定，培训会可报销费用有讲课费、餐饮、住宿费、场租和交通费额外费用不予报销已为您扣除
MN060501,06,培训会,05,会议火车票,01,HCP火车标准,根据SOP规定，HCP火车出行不得提供商务舱坐席，高于上述标准的交通需事前经业务部负责人、合规审计部负责人及 CEO书面批准。,请提供,根据SOP规定，HCP火车出行不得提供商务舱坐席，高于上述标准的交通需事前经业务部负责人、合规审计部负责人及 CEO书面批准。请提供
MN060551,06,培训会,05,会议火车票,51,会议权限_学术论坛,根据SOP规定，培训会可举办的组织者岗位为市场部经理及以上级别和大区业务销售经理及以上，您无权限举办此类型会议,请提供逐级审批至部门负责人的授权邮件并抄送合规,根据SOP规定，培训会可举办的组织者岗位为市场部经理及以上级别和大区业务销售经理及以上，您无权限举办此类型会议请提供逐级审批至部门负责人的授权邮件并抄送合规
MN060552,06,培训会,05,会议火车票,52,会议议程_变更,学会活动变更会议时间、会议地点需提供企业微信变更流程或变更审批邮件,请提供,学会活动变更会议时间、会议地点需提供企业微信变更流程或变更审批邮件请提供
MN060553,06,培训会,05,会议火车票,53,会议议程_不一致,会议议程内容与系统填报的实际会议情况不一致,请确认并提供更新的会议议程,会议议程内容与系统填报的实际会议情况不一致请确认并提供更新的会议议程
MN060554,06,培训会,05,会议火车票,54,会议议程_不完整,会议议程需包含会议日期、会议开展时间、会议地点、会议内容、演讲主题和演讲人,请补充提供,会议议程需包含会议日期、会议开展时间、会议地点、会议内容、演讲主题和演讲人请补充提供
MN060555,06,培训会,05,会议火车票,55,会议议程_时长不足,根据SOP规定，培训会会议时长需≥ 半天（2-4H）,请确认,根据SOP规定，培训会会议时长需≥ 半天（2-4H）请确认
MN060556,06,培训会,05,会议火车票,56,会议地点_禁止景区,根据SOP规定，禁止在景区名胜或铺张奢侈的地点举办或参加会议,不符合要求不予报销,根据SOP规定，禁止在景区名胜或铺张奢侈的地点举办或参加会议不符合要求不予报销
MN060557,06,培训会,05,会议火车票,57,会议地点_禁止场所,根据SOP规定，禁止在水疗会所、温泉、度假、滑雪、高尔夫、赌博、邮轮、洗浴中心、KTV娱乐及以以上为主业的场所举办学术活动或进行业务招待活动,不符合要求不予报销,根据SOP规定，禁止在水疗会所、温泉、度假、滑雪、高尔夫、赌博、邮轮、洗浴中心、KTV娱乐及以以上为主业的场所举办学术活动或进行业务招待活动不符合要求不予报销
MN060558,06,培训会,05,会议火车票,58,会议签到_系统人数不一致,系统实际内外部参会人数与签到表不一致,请确认实际内外部参会人数，并解释说明,系统实际内外部参会人数与签到表不一致请确认实际内外部参会人数，并解释说明
MN060559,06,培训会,05,会议火车票,59,会议签到_整场未电子签到,根据SOP规定，整场会议未使用电子签到单需提供逐级审批至部门负责人的审批邮件,请提供,根据SOP规定，整场会议未使用电子签到单需提供逐级审批至部门负责人的审批邮件请提供
MN060560,06,培训会,05,会议火车票,60,会议签到_缺线下签到原件,根据SOP规定，线下签到单原件需邮寄至我司,请将原件邮寄至我司，邮寄后提供快递单号,根据SOP规定，线下签到单原件需邮寄至我司请将原件邮寄至我司，邮寄后提供快递单号
MN060561,06,培训会,05,会议火车票,61,会议签到_线下签到缺审批,根据SOP规定，线下签到表下方的“负责与会医疗专业人士的内部员工签字（确认以上签字及备注属实）”和“直线经理签字（确认以上签字及代表说明复核公司要求）”需相应负责人签字,将为您寄回线下签到表，请补充签字后原件寄回我司,根据SOP规定，线下签到表下方的“负责与会医疗专业人士的内部员工签字（确认以上签字及备注属实）”和“直线经理签字（确认以上签字及代表说明复核公司要求）”需相应负责人签字将为您寄回线下签到表，请补充签字后原件寄回我司
MN060562,06,培训会,05,会议火车票,62,会议照片_缺水印,根据SOP规定，会议照片需使用水印相机拍摄活动现场照片，并注明活动时间、活动地点、活动主题,请补充提供，如不符合要求将不予报销,根据SOP规定，会议照片需使用水印相机拍摄活动现场照片，并注明活动时间、活动地点、活动主题请补充提供，如不符合要求将不予报销
MN060563,06,培训会,05,会议火车票,63,会议照片_缺会议主题,根据SOP规定，会议照片需体现并反映会议主题（如PPT标题、横幅、易拉宝等），且照片中的会议主题需清洗,请补充提供，如不符合要求将不予报销,根据SOP规定，会议照片需体现并反映会议主题（如PPT标题、横幅、易拉宝等），且照片中的会议主题需清洗请补充提供，如不符合要求将不予报销
MN060564,06,培训会,05,会议火车票,64,会议照片_缺付费讲者,根据SOP规定，付费讲者需提供正面清晰演讲照片，照片应体现付费讲者和一张会议幻灯稿同框的场景，要求可识别付费讲者并能体现所参加会议,请补充提供，如不符合要求将不予报销,根据SOP规定，付费讲者需提供正面清晰演讲照片，照片应体现付费讲者和一张会议幻灯稿同框的场景，要求可识别付费讲者并能体现所参加会议请补充提供，如不符合要求将不予报销
MN060565,06,培训会,05,会议火车票,65,会议照片_水印与议程不一致,根据SOP规定，会议照片水印所反映拍摄时间与会议议程相一致,请补充提供，如不符合要求将不予报销,根据SOP规定，会议照片水印所反映拍摄时间与会议议程相一致请补充提供，如不符合要求将不予报销
MN060566,06,培训会,05,会议火车票,66,会议照片_人数标准不符,根据SOP规定，培训会会议照片需显示50%及以上参会人员（内+外）,请补充提供，如不符合要求将不予报销,根据SOP规定，培训会会议照片需显示50%及以上参会人员（内+外）请补充提供，如不符合要求将不予报销
MN060567,06,培训会,05,会议火车票,67,会议人数_内部人数不符,根据SOP规定，培训会内部参与培训人员不得低于5人,请确认实际内部参会人数,根据SOP规定，培训会内部参与培训人员不得低于5人请确认实际内部参会人数
MN060568,06,培训会,05,会议火车票,68,报销范围_时效,根据SOP规定，原则上公司仅承担学术活动会议议程前后24小时内所产生的相关费用，例外事项需提供部门负责人及合规审计总监的共同批准,如需报销请提供特批,根据SOP规定，原则上公司仅承担学术活动会议议程前后24小时内所产生的相关费用，例外事项需提供部门负责人及合规审计总监的共同批准如需报销请提供特批
MN060569,06,培训会,05,会议火车票,69,报销范围_费用,根据SOP规定，培训会可报销费用有讲课费、餐饮、住宿费、场租和交通费,额外费用不予报销已为您扣除,根据SOP规定，培训会可报销费用有讲课费、餐饮、住宿费、场租和交通费额外费用不予报销已为您扣除
MN060601,06,培训会,06,会议茶歇,01,无会议的茶歇,根据SOP规定，会议茶歇不得独立于会议之外提供,请解释说明,根据SOP规定，会议茶歇不得独立于会议之外提供请解释说明
MN060602,06,培训会,06,会议茶歇,02,超市、商场或水果市场购买费用,根据SOP规定，超市、商场或水果市场购买的费用，需要提供明细,请提供,根据SOP规定，超市、商场或水果市场购买的费用，需要提供明细请提供
MN060603,06,培训会,06,会议茶歇,03,个人卡支付,根据SOP规定，个人银行卡支付超过300元，需提供付款记录及带有持卡人姓名的个人卡照片或银行对账单,请提供,根据SOP规定，个人银行卡支付超过300元，需提供付款记录及带有持卡人姓名的个人卡照片或银行对账单请提供
MN060604,06,培训会,06,会议茶歇,04,现金支付,"“微信零钱”、""支付宝花呗”及“京东白条”支付，系统付款类型应选择“现金”非“个人卡”，需驳回修改",已为您系统驳回，请重新提交完成业务审批流程后@通知审核员,"“微信零钱”、""支付宝花呗”及“京东白条”支付，系统付款类型应选择“现金”非“个人卡”，需驳回修改已为您系统驳回，请重新提交完成业务审批流程后@通知审核员"
MN060651,06,培训会,06,会议茶歇,51,会议权限_学术论坛,根据SOP规定，培训会可举办的组织者岗位为市场部经理及以上级别和大区业务销售经理及以上，您无权限举办此类型会议,请提供逐级审批至部门负责人的授权邮件并抄送合规,根据SOP规定，培训会可举办的组织者岗位为市场部经理及以上级别和大区业务销售经理及以上，您无权限举办此类型会议请提供逐级审批至部门负责人的授权邮件并抄送合规
MN060652,06,培训会,06,会议茶歇,52,会议议程_变更,学会活动变更会议时间、会议地点需提供企业微信变更流程或变更审批邮件,请提供,学会活动变更会议时间、会议地点需提供企业微信变更流程或变更审批邮件请提供
MN060653,06,培训会,06,会议茶歇,53,会议议程_不一致,会议议程内容与系统填报的实际会议情况不一致,请确认并提供更新的会议议程,会议议程内容与系统填报的实际会议情况不一致请确认并提供更新的会议议程
MN060654,06,培训会,06,会议茶歇,54,会议议程_不完整,会议议程需包含会议日期、会议开展时间、会议地点、会议内容、演讲主题和演讲人,请补充提供,会议议程需包含会议日期、会议开展时间、会议地点、会议内容、演讲主题和演讲人请补充提供
MN060655,06,培训会,06,会议茶歇,55,会议议程_时长不足,根据SOP规定，培训会会议时长需≥ 半天（2-4H）,请确认,根据SOP规定，培训会会议时长需≥ 半天（2-4H）请确认
MN060656,06,培训会,06,会议茶歇,56,会议地点_禁止景区,根据SOP规定，禁止在景区名胜或铺张奢侈的地点举办或参加会议,不符合要求不予报销,根据SOP规定，禁止在景区名胜或铺张奢侈的地点举办或参加会议不符合要求不予报销
MN060657,06,培训会,06,会议茶歇,57,会议地点_禁止场所,根据SOP规定，禁止在水疗会所、温泉、度假、滑雪、高尔夫、赌博、邮轮、洗浴中心、KTV娱乐及以以上为主业的场所举办学术活动或进行业务招待活动,不符合要求不予报销,根据SOP规定，禁止在水疗会所、温泉、度假、滑雪、高尔夫、赌博、邮轮、洗浴中心、KTV娱乐及以以上为主业的场所举办学术活动或进行业务招待活动不符合要求不予报销
MN060658,06,培训会,06,会议茶歇,58,会议签到_系统人数不一致,系统实际内外部参会人数与签到表不一致,请确认实际内外部参会人数，并解释说明,系统实际内外部参会人数与签到表不一致请确认实际内外部参会人数，并解释说明
MN060659,06,培训会,06,会议茶歇,59,会议签到_整场未电子签到,根据SOP规定，整场会议未使用电子签到单需提供逐级审批至部门负责人的审批邮件,请提供,根据SOP规定，整场会议未使用电子签到单需提供逐级审批至部门负责人的审批邮件请提供
MN060660,06,培训会,06,会议茶歇,60,会议签到_缺线下签到原件,根据SOP规定，线下签到单原件需邮寄至我司,请将原件邮寄至我司，邮寄后提供快递单号,根据SOP规定，线下签到单原件需邮寄至我司请将原件邮寄至我司，邮寄后提供快递单号
MN060661,06,培训会,06,会议茶歇,61,会议签到_线下签到缺审批,根据SOP规定，线下签到表下方的“负责与会医疗专业人士的内部员工签字（确认以上签字及备注属实）”和“直线经理签字（确认以上签字及代表说明复核公司要求）”需相应负责人签字,将为您寄回线下签到表，请补充签字后原件寄回我司,根据SOP规定，线下签到表下方的“负责与会医疗专业人士的内部员工签字（确认以上签字及备注属实）”和“直线经理签字（确认以上签字及代表说明复核公司要求）”需相应负责人签字将为您寄回线下签到表，请补充签字后原件寄回我司
MN060662,06,培训会,06,会议茶歇,62,会议照片_缺水印,根据SOP规定，会议照片需使用水印相机拍摄活动现场照片，并注明活动时间、活动地点、活动主题,请补充提供，如不符合要求将不予报销,根据SOP规定，会议照片需使用水印相机拍摄活动现场照片，并注明活动时间、活动地点、活动主题请补充提供，如不符合要求将不予报销
MN060663,06,培训会,06,会议茶歇,63,会议照片_缺会议主题,根据SOP规定，会议照片需体现并反映会议主题（如PPT标题、横幅、易拉宝等），且照片中的会议主题需清洗,请补充提供，如不符合要求将不予报销,根据SOP规定，会议照片需体现并反映会议主题（如PPT标题、横幅、易拉宝等），且照片中的会议主题需清洗请补充提供，如不符合要求将不予报销
MN060664,06,培训会,06,会议茶歇,64,会议照片_缺付费讲者,根据SOP规定，付费讲者需提供正面清晰演讲照片，照片应体现付费讲者和一张会议幻灯稿同框的场景，要求可识别付费讲者并能体现所参加会议,请补充提供，如不符合要求将不予报销,根据SOP规定，付费讲者需提供正面清晰演讲照片，照片应体现付费讲者和一张会议幻灯稿同框的场景，要求可识别付费讲者并能体现所参加会议请补充提供，如不符合要求将不予报销
MN060665,06,培训会,06,会议茶歇,65,会议照片_水印与议程不一致,根据SOP规定，会议照片水印所反映拍摄时间与会议议程相一致,请补充提供，如不符合要求将不予报销,根据SOP规定，会议照片水印所反映拍摄时间与会议议程相一致请补充提供，如不符合要求将不予报销
MN060666,06,培训会,06,会议茶歇,66,会议照片_人数标准不符,根据SOP规定，培训会会议照片需显示50%及以上参会人员（内+外）,请补充提供，如不符合要求将不予报销,根据SOP规定，培训会会议照片需显示50%及以上参会人员（内+外）请补充提供，如不符合要求将不予报销
MN060667,06,培训会,06,会议茶歇,67,会议人数_内部人数不符,根据SOP规定，培训会内部参与培训人员不得低于5人,请确认实际内部参会人数,根据SOP规定，培训会内部参与培训人员不得低于5人请确认实际内部参会人数
MN060668,06,培训会,06,会议茶歇,68,报销范围_时效,根据SOP规定，原则上公司仅承担学术活动会议议程前后24小时内所产生的相关费用，例外事项需提供部门负责人及合规审计总监的共同批准,如需报销请提供特批,根据SOP规定，原则上公司仅承担学术活动会议议程前后24小时内所产生的相关费用，例外事项需提供部门负责人及合规审计总监的共同批准如需报销请提供特批
MN060669,06,培训会,06,会议茶歇,69,报销范围_费用,根据SOP规定，培训会可报销费用有讲课费、餐饮、住宿费、场租和交通费,额外费用不予报销已为您扣除,根据SOP规定，培训会可报销费用有讲课费、餐饮、住宿费、场租和交通费额外费用不予报销已为您扣除
MN060701,06,培训会,07,会议场租,01,个人卡支付,根据SOP规定，个人银行卡支付超过300元，需提供付款记录及带有持卡人姓名的个人卡照片或银行对账单,请提供,根据SOP规定，个人银行卡支付超过300元，需提供付款记录及带有持卡人姓名的个人卡照片或银行对账单请提供
MN060702,06,培训会,07,会议场租,02,现金支付,"“微信零钱”、""支付宝花呗”及“京东白条”支付，系统付款类型应选择“现金”非“个人卡”，需驳回修改",已为您系统驳回，请重新提交完成业务审批流程后@通知审核员,"“微信零钱”、""支付宝花呗”及“京东白条”支付，系统付款类型应选择“现金”非“个人卡”，需驳回修改已为您系统驳回，请重新提交完成业务审批流程后@通知审核员"
MN060751,06,培训会,07,会议场租,51,会议权限_学术论坛,根据SOP规定，培训会可举办的组织者岗位为市场部经理及以上级别和大区业务销售经理及以上，您无权限举办此类型会议,请提供逐级审批至部门负责人的授权邮件并抄送合规,根据SOP规定，培训会可举办的组织者岗位为市场部经理及以上级别和大区业务销售经理及以上，您无权限举办此类型会议请提供逐级审批至部门负责人的授权邮件并抄送合规
MN060752,06,培训会,07,会议场租,52,会议议程_变更,学会活动变更会议时间、会议地点需提供企业微信变更流程或变更审批邮件,请提供,学会活动变更会议时间、会议地点需提供企业微信变更流程或变更审批邮件请提供
MN060753,06,培训会,07,会议场租,53,会议议程_不一致,会议议程内容与系统填报的实际会议情况不一致,请确认并提供更新的会议议程,会议议程内容与系统填报的实际会议情况不一致请确认并提供更新的会议议程
MN060754,06,培训会,07,会议场租,54,会议议程_不完整,会议议程需包含会议日期、会议开展时间、会议地点、会议内容、演讲主题和演讲人,请补充提供,会议议程需包含会议日期、会议开展时间、会议地点、会议内容、演讲主题和演讲人请补充提供
MN060755,06,培训会,07,会议场租,55,会议议程_时长不足,根据SOP规定，培训会会议时长需≥ 半天（2-4H）,请确认,根据SOP规定，培训会会议时长需≥ 半天（2-4H）请确认
MN060756,06,培训会,07,会议场租,56,会议地点_禁止景区,根据SOP规定，禁止在景区名胜或铺张奢侈的地点举办或参加会议,不符合要求不予报销,根据SOP规定，禁止在景区名胜或铺张奢侈的地点举办或参加会议不符合要求不予报销
MN060757,06,培训会,07,会议场租,57,会议地点_禁止场所,根据SOP规定，禁止在水疗会所、温泉、度假、滑雪、高尔夫、赌博、邮轮、洗浴中心、KTV娱乐及以以上为主业的场所举办学术活动或进行业务招待活动,不符合要求不予报销,根据SOP规定，禁止在水疗会所、温泉、度假、滑雪、高尔夫、赌博、邮轮、洗浴中心、KTV娱乐及以以上为主业的场所举办学术活动或进行业务招待活动不符合要求不予报销
MN060758,06,培训会,07,会议场租,58,会议签到_系统人数不一致,系统实际内外部参会人数与签到表不一致,请确认实际内外部参会人数，并解释说明,系统实际内外部参会人数与签到表不一致请确认实际内外部参会人数，并解释说明
MN060759,06,培训会,07,会议场租,59,会议签到_整场未电子签到,根据SOP规定，整场会议未使用电子签到单需提供逐级审批至部门负责人的审批邮件,请提供,根据SOP规定，整场会议未使用电子签到单需提供逐级审批至部门负责人的审批邮件请提供
MN060760,06,培训会,07,会议场租,60,会议签到_缺线下签到原件,根据SOP规定，线下签到单原件需邮寄至我司,请将原件邮寄至我司，邮寄后提供快递单号,根据SOP规定，线下签到单原件需邮寄至我司请将原件邮寄至我司，邮寄后提供快递单号
MN060761,06,培训会,07,会议场租,61,会议签到_线下签到缺审批,根据SOP规定，线下签到表下方的“负责与会医疗专业人士的内部员工签字（确认以上签字及备注属实）”和“直线经理签字（确认以上签字及代表说明复核公司要求）”需相应负责人签字,将为您寄回线下签到表，请补充签字后原件寄回我司,根据SOP规定，线下签到表下方的“负责与会医疗专业人士的内部员工签字（确认以上签字及备注属实）”和“直线经理签字（确认以上签字及代表说明复核公司要求）”需相应负责人签字将为您寄回线下签到表，请补充签字后原件寄回我司
MN060762,06,培训会,07,会议场租,62,会议照片_缺水印,根据SOP规定，会议照片需使用水印相机拍摄活动现场照片，并注明活动时间、活动地点、活动主题,请补充提供，如不符合要求将不予报销,根据SOP规定，会议照片需使用水印相机拍摄活动现场照片，并注明活动时间、活动地点、活动主题请补充提供，如不符合要求将不予报销
MN060763,06,培训会,07,会议场租,63,会议照片_缺会议主题,根据SOP规定，会议照片需体现并反映会议主题（如PPT标题、横幅、易拉宝等），且照片中的会议主题需清洗,请补充提供，如不符合要求将不予报销,根据SOP规定，会议照片需体现并反映会议主题（如PPT标题、横幅、易拉宝等），且照片中的会议主题需清洗请补充提供，如不符合要求将不予报销
MN060764,06,培训会,07,会议场租,64,会议照片_缺付费讲者,根据SOP规定，付费讲者需提供正面清晰演讲照片，照片应体现付费讲者和一张会议幻灯稿同框的场景，要求可识别付费讲者并能体现所参加会议,请补充提供，如不符合要求将不予报销,根据SOP规定，付费讲者需提供正面清晰演讲照片，照片应体现付费讲者和一张会议幻灯稿同框的场景，要求可识别付费讲者并能体现所参加会议请补充提供，如不符合要求将不予报销
MN060765,06,培训会,07,会议场租,65,会议照片_水印与议程不一致,根据SOP规定，会议照片水印所反映拍摄时间与会议议程相一致,请补充提供，如不符合要求将不予报销,根据SOP规定，会议照片水印所反映拍摄时间与会议议程相一致请补充提供，如不符合要求将不予报销
MN060766,06,培训会,07,会议场租,66,会议照片_人数标准不符,根据SOP规定，培训会会议照片需显示50%及以上参会人员（内+外）,请补充提供，如不符合要求将不予报销,根据SOP规定，培训会会议照片需显示50%及以上参会人员（内+外）请补充提供，如不符合要求将不予报销
MN060767,06,培训会,07,会议场租,67,会议人数_内部人数不符,根据SOP规定，培训会内部参与培训人员不得低于5人,请确认实际内部参会人数,根据SOP规定，培训会内部参与培训人员不得低于5人请确认实际内部参会人数
MN060768,06,培训会,07,会议场租,68,报销范围_时效,根据SOP规定，原则上公司仅承担学术活动会议议程前后24小时内所产生的相关费用，例外事项需提供部门负责人及合规审计总监的共同批准,如需报销请提供特批,根据SOP规定，原则上公司仅承担学术活动会议议程前后24小时内所产生的相关费用，例外事项需提供部门负责人及合规审计总监的共同批准如需报销请提供特批
MN060769,06,培训会,07,会议场租,69,报销范围_费用,根据SOP规定，培训会可报销费用有讲课费、餐饮、住宿费、场租和交通费,额外费用不予报销已为您扣除,根据SOP规定，培训会可报销费用有讲课费、餐饮、住宿费、场租和交通费额外费用不予报销已为您扣除
MN060801,06,培训会,08,会议个人车辆,01,个人卡支付,根据SOP规定，个人银行卡支付超过300元，需提供付款记录及带有持卡人姓名的个人卡照片或银行对账单,请提供,根据SOP规定，个人银行卡支付超过300元，需提供付款记录及带有持卡人姓名的个人卡照片或银行对账单请提供
MN060802,06,培训会,08,会议个人车辆,02,现金支付,"“微信零钱”、""支付宝花呗”及“京东白条”支付，系统付款类型应选择“现金”非“个人卡”，需驳回修改",已为您系统驳回，请重新提交完成业务审批流程后@通知审核员,"“微信零钱”、""支付宝花呗”及“京东白条”支付，系统付款类型应选择“现金”非“个人卡”，需驳回修改已为您系统驳回，请重新提交完成业务审批流程后@通知审核员"
MN060851,06,培训会,08,会议个人车辆,51,会议权限_学术论坛,根据SOP规定，培训会可举办的组织者岗位为市场部经理及以上级别和大区业务销售经理及以上，您无权限举办此类型会议,请提供逐级审批至部门负责人的授权邮件并抄送合规,根据SOP规定，培训会可举办的组织者岗位为市场部经理及以上级别和大区业务销售经理及以上，您无权限举办此类型会议请提供逐级审批至部门负责人的授权邮件并抄送合规
MN060852,06,培训会,08,会议个人车辆,52,会议议程_变更,学会活动变更会议时间、会议地点需提供企业微信变更流程或变更审批邮件,请提供,学会活动变更会议时间、会议地点需提供企业微信变更流程或变更审批邮件请提供
MN060853,06,培训会,08,会议个人车辆,53,会议议程_不一致,会议议程内容与系统填报的实际会议情况不一致,请确认并提供更新的会议议程,会议议程内容与系统填报的实际会议情况不一致请确认并提供更新的会议议程
MN060854,06,培训会,08,会议个人车辆,54,会议议程_不完整,会议议程需包含会议日期、会议开展时间、会议地点、会议内容、演讲主题和演讲人,请补充提供,会议议程需包含会议日期、会议开展时间、会议地点、会议内容、演讲主题和演讲人请补充提供
MN060855,06,培训会,08,会议个人车辆,55,会议议程_时长不足,根据SOP规定，培训会会议时长需≥ 半天（2-4H）,请确认,根据SOP规定，培训会会议时长需≥ 半天（2-4H）请确认
MN060856,06,培训会,08,会议个人车辆,56,会议地点_禁止景区,根据SOP规定，禁止在景区名胜或铺张奢侈的地点举办或参加会议,不符合要求不予报销,根据SOP规定，禁止在景区名胜或铺张奢侈的地点举办或参加会议不符合要求不予报销
MN060857,06,培训会,08,会议个人车辆,57,会议地点_禁止场所,根据SOP规定，禁止在水疗会所、温泉、度假、滑雪、高尔夫、赌博、邮轮、洗浴中心、KTV娱乐及以以上为主业的场所举办学术活动或进行业务招待活动,不符合要求不予报销,根据SOP规定，禁止在水疗会所、温泉、度假、滑雪、高尔夫、赌博、邮轮、洗浴中心、KTV娱乐及以以上为主业的场所举办学术活动或进行业务招待活动不符合要求不予报销
MN060858,06,培训会,08,会议个人车辆,58,会议签到_系统人数不一致,系统实际内外部参会人数与签到表不一致,请确认实际内外部参会人数，并解释说明,系统实际内外部参会人数与签到表不一致请确认实际内外部参会人数，并解释说明
MN060859,06,培训会,08,会议个人车辆,59,会议签到_整场未电子签到,根据SOP规定，整场会议未使用电子签到单需提供逐级审批至部门负责人的审批邮件,请提供,根据SOP规定，整场会议未使用电子签到单需提供逐级审批至部门负责人的审批邮件请提供
MN060860,06,培训会,08,会议个人车辆,60,会议签到_缺线下签到原件,根据SOP规定，线下签到单原件需邮寄至我司,请将原件邮寄至我司，邮寄后提供快递单号,根据SOP规定，线下签到单原件需邮寄至我司请将原件邮寄至我司，邮寄后提供快递单号
MN060861,06,培训会,08,会议个人车辆,61,会议签到_线下签到缺审批,根据SOP规定，线下签到表下方的“负责与会医疗专业人士的内部员工签字（确认以上签字及备注属实）”和“直线经理签字（确认以上签字及代表说明复核公司要求）”需相应负责人签字,将为您寄回线下签到表，请补充签字后原件寄回我司,根据SOP规定，线下签到表下方的“负责与会医疗专业人士的内部员工签字（确认以上签字及备注属实）”和“直线经理签字（确认以上签字及代表说明复核公司要求）”需相应负责人签字将为您寄回线下签到表，请补充签字后原件寄回我司
MN060862,06,培训会,08,会议个人车辆,62,会议照片_缺水印,根据SOP规定，会议照片需使用水印相机拍摄活动现场照片，并注明活动时间、活动地点、活动主题,请补充提供，如不符合要求将不予报销,根据SOP规定，会议照片需使用水印相机拍摄活动现场照片，并注明活动时间、活动地点、活动主题请补充提供，如不符合要求将不予报销
MN060863,06,培训会,08,会议个人车辆,63,会议照片_缺会议主题,根据SOP规定，会议照片需体现并反映会议主题（如PPT标题、横幅、易拉宝等），且照片中的会议主题需清洗,请补充提供，如不符合要求将不予报销,根据SOP规定，会议照片需体现并反映会议主题（如PPT标题、横幅、易拉宝等），且照片中的会议主题需清洗请补充提供，如不符合要求将不予报销
MN060864,06,培训会,08,会议个人车辆,64,会议照片_缺付费讲者,根据SOP规定，付费讲者需提供正面清晰演讲照片，照片应体现付费讲者和一张会议幻灯稿同框的场景，要求可识别付费讲者并能体现所参加会议,请补充提供，如不符合要求将不予报销,根据SOP规定，付费讲者需提供正面清晰演讲照片，照片应体现付费讲者和一张会议幻灯稿同框的场景，要求可识别付费讲者并能体现所参加会议请补充提供，如不符合要求将不予报销
MN060865,06,培训会,08,会议个人车辆,65,会议照片_水印与议程不一致,根据SOP规定，会议照片水印所反映拍摄时间与会议议程相一致,请补充提供，如不符合要求将不予报销,根据SOP规定，会议照片水印所反映拍摄时间与会议议程相一致请补充提供，如不符合要求将不予报销
MN060866,06,培训会,08,会议个人车辆,66,会议照片_人数标准不符,根据SOP规定，培训会会议照片需显示50%及以上参会人员（内+外）,请补充提供，如不符合要求将不予报销,根据SOP规定，培训会会议照片需显示50%及以上参会人员（内+外）请补充提供，如不符合要求将不予报销
MN060867,06,培训会,08,会议个人车辆,67,会议人数_内部人数不符,根据SOP规定，培训会内部参与培训人员不得低于5人,请确认实际内部参会人数,根据SOP规定，培训会内部参与培训人员不得低于5人请确认实际内部参会人数
MN060868,06,培训会,08,会议个人车辆,68,报销范围_时效,根据SOP规定，原则上公司仅承担学术活动会议议程前后24小时内所产生的相关费用，例外事项需提供部门负责人及合规审计总监的共同批准,如需报销请提供特批,根据SOP规定，原则上公司仅承担学术活动会议议程前后24小时内所产生的相关费用，例外事项需提供部门负责人及合规审计总监的共同批准如需报销请提供特批
MN060869,06,培训会,08,会议个人车辆,69,报销范围_费用,根据SOP规定，培训会可报销费用有讲课费、餐饮、住宿费、场租和交通费,额外费用不予报销已为您扣除,根据SOP规定，培训会可报销费用有讲课费、餐饮、住宿费、场租和交通费额外费用不予报销已为您扣除
MN061001,06,培训会,10,会议住宿费,01,HCP住宿标准,根据SOP规定，提供HCP的住宿费北上广深不得超过1000元/人/晚，其他城市不超过750元/人/晚，海外城市不超过2000元/人/晚，高于上述标准的住宿费需事前获得业务部负责人和合规审计部负责人的书面批准,请提供,根据SOP规定，提供HCP的住宿费北上广深不得超过1000元/人/晚，其他城市不超过750元/人/晚，海外城市不超过2000元/人/晚，高于上述标准的住宿费需事前获得业务部负责人和合规审计部负责人的书面批准请提供
MN061002,06,培训会,10,会议住宿费,02,个人卡支付,根据SOP规定，个人银行卡支付超过300元，需提供付款记录及带有持卡人姓名的个人卡照片或银行对账单,请提供,根据SOP规定，个人银行卡支付超过300元，需提供付款记录及带有持卡人姓名的个人卡照片或银行对账单请提供
MN061003,06,培训会,10,会议住宿费,03,现金支付,"“微信零钱”、""支付宝花呗”及“京东白条”支付，系统付款类型应选择“现金”非“个人卡”，需驳回修改",已为您系统驳回，请重新提交完成业务审批流程后@通知审核员,"“微信零钱”、""支付宝花呗”及“京东白条”支付，系统付款类型应选择“现金”非“个人卡”，需驳回修改已为您系统驳回，请重新提交完成业务审批流程后@通知审核员"
MN061051,06,培训会,10,会议住宿费,51,会议权限_学术论坛,根据SOP规定，培训会可举办的组织者岗位为市场部经理及以上级别和大区业务销售经理及以上，您无权限举办此类型会议,请提供逐级审批至部门负责人的授权邮件并抄送合规,根据SOP规定，培训会可举办的组织者岗位为市场部经理及以上级别和大区业务销售经理及以上，您无权限举办此类型会议请提供逐级审批至部门负责人的授权邮件并抄送合规
MN061052,06,培训会,10,会议住宿费,52,会议议程_变更,学会活动变更会议时间、会议地点需提供企业微信变更流程或变更审批邮件,请提供,学会活动变更会议时间、会议地点需提供企业微信变更流程或变更审批邮件请提供
MN061053,06,培训会,10,会议住宿费,53,会议议程_不一致,会议议程内容与系统填报的实际会议情况不一致,请确认并提供更新的会议议程,会议议程内容与系统填报的实际会议情况不一致请确认并提供更新的会议议程
MN061054,06,培训会,10,会议住宿费,54,会议议程_不完整,会议议程需包含会议日期、会议开展时间、会议地点、会议内容、演讲主题和演讲人,请补充提供,会议议程需包含会议日期、会议开展时间、会议地点、会议内容、演讲主题和演讲人请补充提供
MN061055,06,培训会,10,会议住宿费,55,会议议程_时长不足,根据SOP规定，培训会会议时长需≥ 半天（2-4H）,请确认,根据SOP规定，培训会会议时长需≥ 半天（2-4H）请确认
MN061056,06,培训会,10,会议住宿费,56,会议地点_禁止景区,根据SOP规定，禁止在景区名胜或铺张奢侈的地点举办或参加会议,不符合要求不予报销,根据SOP规定，禁止在景区名胜或铺张奢侈的地点举办或参加会议不符合要求不予报销
MN061057,06,培训会,10,会议住宿费,57,会议地点_禁止场所,根据SOP规定，禁止在水疗会所、温泉、度假、滑雪、高尔夫、赌博、邮轮、洗浴中心、KTV娱乐及以以上为主业的场所举办学术活动或进行业务招待活动,不符合要求不予报销,根据SOP规定，禁止在水疗会所、温泉、度假、滑雪、高尔夫、赌博、邮轮、洗浴中心、KTV娱乐及以以上为主业的场所举办学术活动或进行业务招待活动不符合要求不予报销
MN061058,06,培训会,10,会议住宿费,58,会议签到_系统人数不一致,系统实际内外部参会人数与签到表不一致,请确认实际内外部参会人数，并解释说明,系统实际内外部参会人数与签到表不一致请确认实际内外部参会人数，并解释说明
MN061059,06,培训会,10,会议住宿费,59,会议签到_整场未电子签到,根据SOP规定，整场会议未使用电子签到单需提供逐级审批至部门负责人的审批邮件,请提供,根据SOP规定，整场会议未使用电子签到单需提供逐级审批至部门负责人的审批邮件请提供
MN061060,06,培训会,10,会议住宿费,60,会议签到_缺线下签到原件,根据SOP规定，线下签到单原件需邮寄至我司,请将原件邮寄至我司，邮寄后提供快递单号,根据SOP规定，线下签到单原件需邮寄至我司请将原件邮寄至我司，邮寄后提供快递单号
MN061061,06,培训会,10,会议住宿费,61,会议签到_线下签到缺审批,根据SOP规定，线下签到表下方的“负责与会医疗专业人士的内部员工签字（确认以上签字及备注属实）”和“直线经理签字（确认以上签字及代表说明复核公司要求）”需相应负责人签字,将为您寄回线下签到表，请补充签字后原件寄回我司,根据SOP规定，线下签到表下方的“负责与会医疗专业人士的内部员工签字（确认以上签字及备注属实）”和“直线经理签字（确认以上签字及代表说明复核公司要求）”需相应负责人签字将为您寄回线下签到表，请补充签字后原件寄回我司
MN061062,06,培训会,10,会议住宿费,62,会议照片_缺水印,根据SOP规定，会议照片需使用水印相机拍摄活动现场照片，并注明活动时间、活动地点、活动主题,请补充提供，如不符合要求将不予报销,根据SOP规定，会议照片需使用水印相机拍摄活动现场照片，并注明活动时间、活动地点、活动主题请补充提供，如不符合要求将不予报销
MN061063,06,培训会,10,会议住宿费,63,会议照片_缺会议主题,根据SOP规定，会议照片需体现并反映会议主题（如PPT标题、横幅、易拉宝等），且照片中的会议主题需清洗,请补充提供，如不符合要求将不予报销,根据SOP规定，会议照片需体现并反映会议主题（如PPT标题、横幅、易拉宝等），且照片中的会议主题需清洗请补充提供，如不符合要求将不予报销
MN061064,06,培训会,10,会议住宿费,64,会议照片_缺付费讲者,根据SOP规定，付费讲者需提供正面清晰演讲照片，照片应体现付费讲者和一张会议幻灯稿同框的场景，要求可识别付费讲者并能体现所参加会议,请补充提供，如不符合要求将不予报销,根据SOP规定，付费讲者需提供正面清晰演讲照片，照片应体现付费讲者和一张会议幻灯稿同框的场景，要求可识别付费讲者并能体现所参加会议请补充提供，如不符合要求将不予报销
MN061065,06,培训会,10,会议住宿费,65,会议照片_水印与议程不一致,根据SOP规定，会议照片水印所反映拍摄时间与会议议程相一致,请补充提供，如不符合要求将不予报销,根据SOP规定，会议照片水印所反映拍摄时间与会议议程相一致请补充提供，如不符合要求将不予报销
MN061066,06,培训会,10,会议住宿费,66,会议照片_人数标准不符,根据SOP规定，培训会会议照片需显示50%及以上参会人员（内+外）,请补充提供，如不符合要求将不予报销,根据SOP规定，培训会会议照片需显示50%及以上参会人员（内+外）请补充提供，如不符合要求将不予报销
MN061067,06,培训会,10,会议住宿费,67,会议人数_内部人数不符,根据SOP规定，培训会内部参与培训人员不得低于5人,请确认实际内部参会人数,根据SOP规定，培训会内部参与培训人员不得低于5人请确认实际内部参会人数
MN061068,06,培训会,10,会议住宿费,68,报销范围_时效,根据SOP规定，原则上公司仅承担学术活动会议议程前后24小时内所产生的相关费用，例外事项需提供部门负责人及合规审计总监的共同批准,如需报销请提供特批,根据SOP规定，原则上公司仅承担学术活动会议议程前后24小时内所产生的相关费用，例外事项需提供部门负责人及合规审计总监的共同批准如需报销请提供特批
MN061069,06,培训会,10,会议住宿费,69,报销范围_费用,根据SOP规定，培训会可报销费用有讲课费、餐饮、住宿费、场租和交通费,额外费用不予报销已为您扣除,根据SOP规定，培训会可报销费用有讲课费、餐饮、住宿费、场租和交通费额外费用不予报销已为您扣除
MN061101,06,培训会,11,会议杂项开支,01,个人卡支付,根据SOP规定，个人银行卡支付超过300元，需提供付款记录及带有持卡人姓名的个人卡照片或银行对账单,请提供,根据SOP规定，个人银行卡支付超过300元，需提供付款记录及带有持卡人姓名的个人卡照片或银行对账单请提供
MN061102,06,培训会,11,会议杂项开支,02,现金支付,"“微信零钱”、""支付宝花呗”及“京东白条”支付，系统付款类型应选择“现金”非“个人卡”，需驳回修改",已为您系统驳回，请重新提交完成业务审批流程后@通知审核员,"“微信零钱”、""支付宝花呗”及“京东白条”支付，系统付款类型应选择“现金”非“个人卡”，需驳回修改已为您系统驳回，请重新提交完成业务审批流程后@通知审核员"
MN061151,06,培训会,11,会议杂项开支,51,会议权限_学术论坛,根据SOP规定，培训会可举办的组织者岗位为市场部经理及以上级别和大区业务销售经理及以上，您无权限举办此类型会议,请提供逐级审批至部门负责人的授权邮件并抄送合规,根据SOP规定，培训会可举办的组织者岗位为市场部经理及以上级别和大区业务销售经理及以上，您无权限举办此类型会议请提供逐级审批至部门负责人的授权邮件并抄送合规
MN061152,06,培训会,11,会议杂项开支,52,会议议程_变更,学会活动变更会议时间、会议地点需提供企业微信变更流程或变更审批邮件,请提供,学会活动变更会议时间、会议地点需提供企业微信变更流程或变更审批邮件请提供
MN061153,06,培训会,11,会议杂项开支,53,会议议程_不一致,会议议程内容与系统填报的实际会议情况不一致,请确认并提供更新的会议议程,会议议程内容与系统填报的实际会议情况不一致请确认并提供更新的会议议程
MN061154,06,培训会,11,会议杂项开支,54,会议议程_不完整,会议议程需包含会议日期、会议开展时间、会议地点、会议内容、演讲主题和演讲人,请补充提供,会议议程需包含会议日期、会议开展时间、会议地点、会议内容、演讲主题和演讲人请补充提供
MN061155,06,培训会,11,会议杂项开支,55,会议议程_时长不足,根据SOP规定，培训会会议时长需≥ 半天（2-4H）,请确认,根据SOP规定，培训会会议时长需≥ 半天（2-4H）请确认
MN061156,06,培训会,11,会议杂项开支,56,会议地点_禁止景区,根据SOP规定，禁止在景区名胜或铺张奢侈的地点举办或参加会议,不符合要求不予报销,根据SOP规定，禁止在景区名胜或铺张奢侈的地点举办或参加会议不符合要求不予报销
MN061157,06,培训会,11,会议杂项开支,57,会议地点_禁止场所,根据SOP规定，禁止在水疗会所、温泉、度假、滑雪、高尔夫、赌博、邮轮、洗浴中心、KTV娱乐及以以上为主业的场所举办学术活动或进行业务招待活动,不符合要求不予报销,根据SOP规定，禁止在水疗会所、温泉、度假、滑雪、高尔夫、赌博、邮轮、洗浴中心、KTV娱乐及以以上为主业的场所举办学术活动或进行业务招待活动不符合要求不予报销
MN061158,06,培训会,11,会议杂项开支,58,会议签到_系统人数不一致,系统实际内外部参会人数与签到表不一致,请确认实际内外部参会人数，并解释说明,系统实际内外部参会人数与签到表不一致请确认实际内外部参会人数，并解释说明
MN061159,06,培训会,11,会议杂项开支,59,会议签到_整场未电子签到,根据SOP规定，整场会议未使用电子签到单需提供逐级审批至部门负责人的审批邮件,请提供,根据SOP规定，整场会议未使用电子签到单需提供逐级审批至部门负责人的审批邮件请提供
MN061160,06,培训会,11,会议杂项开支,60,会议签到_缺线下签到原件,根据SOP规定，线下签到单原件需邮寄至我司,请将原件邮寄至我司，邮寄后提供快递单号,根据SOP规定，线下签到单原件需邮寄至我司请将原件邮寄至我司，邮寄后提供快递单号
MN061161,06,培训会,11,会议杂项开支,61,会议签到_线下签到缺审批,根据SOP规定，线下签到表下方的“负责与会医疗专业人士的内部员工签字（确认以上签字及备注属实）”和“直线经理签字（确认以上签字及代表说明复核公司要求）”需相应负责人签字,将为您寄回线下签到表，请补充签字后原件寄回我司,根据SOP规定，线下签到表下方的“负责与会医疗专业人士的内部员工签字（确认以上签字及备注属实）”和“直线经理签字（确认以上签字及代表说明复核公司要求）”需相应负责人签字将为您寄回线下签到表，请补充签字后原件寄回我司
MN061162,06,培训会,11,会议杂项开支,62,会议照片_缺水印,根据SOP规定，会议照片需使用水印相机拍摄活动现场照片，并注明活动时间、活动地点、活动主题,请补充提供，如不符合要求将不予报销,根据SOP规定，会议照片需使用水印相机拍摄活动现场照片，并注明活动时间、活动地点、活动主题请补充提供，如不符合要求将不予报销
MN061163,06,培训会,11,会议杂项开支,63,会议照片_缺会议主题,根据SOP规定，会议照片需体现并反映会议主题（如PPT标题、横幅、易拉宝等），且照片中的会议主题需清洗,请补充提供，如不符合要求将不予报销,根据SOP规定，会议照片需体现并反映会议主题（如PPT标题、横幅、易拉宝等），且照片中的会议主题需清洗请补充提供，如不符合要求将不予报销
MN061164,06,培训会,11,会议杂项开支,64,会议照片_缺付费讲者,根据SOP规定，付费讲者需提供正面清晰演讲照片，照片应体现付费讲者和一张会议幻灯稿同框的场景，要求可识别付费讲者并能体现所参加会议,请补充提供，如不符合要求将不予报销,根据SOP规定，付费讲者需提供正面清晰演讲照片，照片应体现付费讲者和一张会议幻灯稿同框的场景，要求可识别付费讲者并能体现所参加会议请补充提供，如不符合要求将不予报销
MN061165,06,培训会,11,会议杂项开支,65,会议照片_水印与议程不一致,根据SOP规定，会议照片水印所反映拍摄时间与会议议程相一致,请补充提供，如不符合要求将不予报销,根据SOP规定，会议照片水印所反映拍摄时间与会议议程相一致请补充提供，如不符合要求将不予报销
MN061166,06,培训会,11,会议杂项开支,66,会议照片_人数标准不符,根据SOP规定，培训会会议照片需显示50%及以上参会人员（内+外）,请补充提供，如不符合要求将不予报销,根据SOP规定，培训会会议照片需显示50%及以上参会人员（内+外）请补充提供，如不符合要求将不予报销
MN061167,06,培训会,11,会议杂项开支,67,会议人数_内部人数不符,根据SOP规定，培训会内部参与培训人员不得低于5人,请确认实际内部参会人数,根据SOP规定，培训会内部参与培训人员不得低于5人请确认实际内部参会人数
MN061168,06,培训会,11,会议杂项开支,68,报销范围_时效,根据SOP规定，原则上公司仅承担学术活动会议议程前后24小时内所产生的相关费用，例外事项需提供部门负责人及合规审计总监的共同批准,如需报销请提供特批,根据SOP规定，原则上公司仅承担学术活动会议议程前后24小时内所产生的相关费用，例外事项需提供部门负责人及合规审计总监的共同批准如需报销请提供特批
MN061169,06,培训会,11,会议杂项开支,69,报销范围_费用,根据SOP规定，培训会可报销费用有讲课费、餐饮、住宿费、场租和交通费,额外费用不予报销已为您扣除,根据SOP规定，培训会可报销费用有讲课费、餐饮、住宿费、场租和交通费额外费用不予报销已为您扣除
MN070201,07,临床研究-临床试验启动会,02,会议餐费,01,缺餐厅门头照,根据SOP规定，会议餐费需提供餐厅门头照,请提供,根据SOP规定，会议餐费需提供餐厅门头照请提供
MN070202,07,临床研究-临床试验启动会,02,会议餐费,02,餐费与会议时间不相连,根据SOP规定，会议餐费用餐时间应与会议时间相连，且为工作餐或小食性质,请解释说明,根据SOP规定，会议餐费用餐时间应与会议时间相连，且为工作餐或小食性质请解释说明
MN070203,07,临床研究-临床试验启动会,02,会议餐费,03,会议餐费超人均,根据SOP规定，会议餐费，不应超过人均200 元。如有超过上述标准的特殊情况，需获得部门负责人的审批,请提供,根据SOP规定，会议餐费，不应超过人均200 元。如有超过上述标准的特殊情况，需获得部门负责人的审批请提供
MN070204,07,临床研究-临床试验启动会,02,会议餐费,04,缺少水单,根据SOP规定，会议餐费≥300元，需提供水单明细,请将水单原件邮寄至我司，并将水单照片或扫描件补充上传至评论区,根据SOP规定，会议餐费≥300元，需提供水单明细请将水单原件邮寄至我司，并将水单照片或扫描件补充上传至评论区
MN070205,07,临床研究-临床试验启动会,02,会议餐费,05,个人卡支付,根据SOP规定，个人银行卡支付超过300元，需提供付款记录及带有持卡人姓名的个人卡照片或银行对账单,请提供,根据SOP规定，个人银行卡支付超过300元，需提供付款记录及带有持卡人姓名的个人卡照片或银行对账单请提供
MN070206,07,临床研究-临床试验启动会,02,会议餐费,06,现金支付,"“微信零钱”、""支付宝花呗”及“京东白条”支付，系统付款类型应选择“现金”非“个人卡”，需驳回修改",已为您系统驳回，请重新提交完成业务审批流程后@通知审核员,"“微信零钱”、""支付宝花呗”及“京东白条”支付，系统付款类型应选择“现金”非“个人卡”，需驳回修改已为您系统驳回，请重新提交完成业务审批流程后@通知审核员"
MN070251,07,临床研究-临床试验启动会,02,会议餐费,51,会议权限_学术论坛,根据SOP规定，临床研究-临床研究启动会可举办的组织者岗位为临床研究专员、医学副经理及以上人员，您无权限举办此类型会议,请提供逐级审批至部门负责人的授权邮件并抄送合规,根据SOP规定，临床研究-临床研究启动会可举办的组织者岗位为临床研究专员、医学副经理及以上人员，您无权限举办此类型会议请提供逐级审批至部门负责人的授权邮件并抄送合规
MN070252,07,临床研究-临床试验启动会,02,会议餐费,52,会议议程_变更,学会活动变更会议时间、会议地点需提供企业微信变更流程或变更审批邮件,请提供,学会活动变更会议时间、会议地点需提供企业微信变更流程或变更审批邮件请提供
MN070253,07,临床研究-临床试验启动会,02,会议餐费,53,会议议程_不一致,会议议程内容与系统填报的实际会议情况不一致,请确认并提供更新的会议议程,会议议程内容与系统填报的实际会议情况不一致请确认并提供更新的会议议程
MN070254,07,临床研究-临床试验启动会,02,会议餐费,54,会议议程_不完整,会议议程需包含会议日期、会议开展时间、会议地点、会议内容、演讲主题和演讲人,请补充提供,会议议程需包含会议日期、会议开展时间、会议地点、会议内容、演讲主题和演讲人请补充提供
MN070255,07,临床研究-临床试验启动会,02,会议餐费,55,会议议程_时长不足,根据SOP规定，临床研究-临床研究启动会会议时长不超过1天,请确认,根据SOP规定，临床研究-临床研究启动会会议时长不超过1天请确认
MN070256,07,临床研究-临床试验启动会,02,会议餐费,56,会议地点_不得跨区,根据SOP规定，会议地点仅限于研究中心内相关会议场所,请提供,根据SOP规定，会议地点仅限于研究中心内相关会议场所请提供
MN070257,07,临床研究-临床试验启动会,02,会议餐费,57,会议地点_禁止景区,根据SOP规定，禁止在景区名胜或铺张奢侈的地点举办或参加会议,不符合要求不予报销,根据SOP规定，禁止在景区名胜或铺张奢侈的地点举办或参加会议不符合要求不予报销
MN070258,07,临床研究-临床试验启动会,02,会议餐费,58,会议地点_禁止场所,根据SOP规定，禁止在水疗会所、温泉、度假、滑雪、高尔夫、赌博、邮轮、洗浴中心、KTV娱乐及以以上为主业的场所举办学术活动或进行业务招待活动,不符合要求不予报销,根据SOP规定，禁止在水疗会所、温泉、度假、滑雪、高尔夫、赌博、邮轮、洗浴中心、KTV娱乐及以以上为主业的场所举办学术活动或进行业务招待活动不符合要求不予报销
MN070259,07,临床研究-临床试验启动会,02,会议餐费,59,会议签到_系统人数不一致,系统实际内外部参会人数与签到表不一致,请确认实际内外部参会人数，并解释说明,系统实际内外部参会人数与签到表不一致请确认实际内外部参会人数，并解释说明
MN070260,07,临床研究-临床试验启动会,02,会议餐费,60,会议签到_整场未电子签到,根据SOP规定，整场会议未使用电子签到单需提供逐级审批至部门负责人的审批邮件,请提供,根据SOP规定，整场会议未使用电子签到单需提供逐级审批至部门负责人的审批邮件请提供
MN070261,07,临床研究-临床试验启动会,02,会议餐费,61,会议签到_缺线下签到原件,根据SOP规定，线下签到单原件需邮寄至我司,请将原件邮寄至我司，邮寄后提供快递单号，如有特殊情况请告知,根据SOP规定，线下签到单原件需邮寄至我司请将原件邮寄至我司，邮寄后提供快递单号，如有特殊情况请告知
MN070262,07,临床研究-临床试验启动会,02,会议餐费,62,会议签到_线下签到缺审批,根据SOP规定，线下签到表下方的“负责与会医疗专业人士的内部员工签字（确认以上签字及备注属实）”和“直线经理签字（确认以上签字及代表说明复核公司要求）”需相应负责人签字,将为您寄回线下签到表，请补充签字后原件寄回我司,根据SOP规定，线下签到表下方的“负责与会医疗专业人士的内部员工签字（确认以上签字及备注属实）”和“直线经理签字（确认以上签字及代表说明复核公司要求）”需相应负责人签字将为您寄回线下签到表，请补充签字后原件寄回我司
MN070263,07,临床研究-临床试验启动会,02,会议餐费,63,会议人数_内部人数不符,根据SOP规定，临床研究-临床研究启动会内部参会者不可少于2人（包含会议组织者），内外比例不超过1:5,请确认实际内部参会人数,根据SOP规定，临床研究-临床研究启动会内部参会者不可少于2人（包含会议组织者），内外比例不超过1:5请确认实际内部参会人数
MN070264,07,临床研究-临床试验启动会,02,会议餐费,64,会议人数_外部人数不符,根据SOP规定，临床研究-临床研究启动会外部参会者可为合作研究中心研究者、研究护士及参与研究等相关人员，人数不限，但内外比例不超过1:5,请确认实际外部参会人,根据SOP规定，临床研究-临床研究启动会外部参会者可为合作研究中心研究者、研究护士及参与研究等相关人员，人数不限，但内外比例不超过1:5请确认实际外部参会人
MN070265,07,临床研究-临床试验启动会,02,会议餐费,65,报销范围_时效,根据SOP规定，原则上公司仅承担学术活动会议议程前后24小时内所产生的相关费用，例外事项需提供部门负责人及合规审计总监的共同批准,如需报销请提供特批,根据SOP规定，原则上公司仅承担学术活动会议议程前后24小时内所产生的相关费用，例外事项需提供部门负责人及合规审计总监的共同批准如需报销请提供特批
MN070266,07,临床研究-临床试验启动会,02,会议餐费,66,报销范围_费用,根据SOP规定，临床研究-临床研究启动会可报销费用为餐费,额外费用不予报销已为您扣除,根据SOP规定，临床研究-临床研究启动会可报销费用为餐费额外费用不予报销已为您扣除
MN070601,07,临床研究-临床试验启动会,06,会议茶歇,01,无会议的茶歇,根据SOP规定，会议茶歇不得独立于会议之外提供,请解释说明,根据SOP规定，会议茶歇不得独立于会议之外提供请解释说明
MN070602,07,临床研究-临床试验启动会,06,会议茶歇,02,超市、商场或水果市场购买费用,根据SOP规定，超市、商场或水果市场购买的费用，需要提供明细,请提供,根据SOP规定，超市、商场或水果市场购买的费用，需要提供明细请提供
MN070603,07,临床研究-临床试验启动会,06,会议茶歇,03,个人卡支付,根据SOP规定，个人银行卡支付超过300元，需提供付款记录及带有持卡人姓名的个人卡照片或银行对账单,请提供,根据SOP规定，个人银行卡支付超过300元，需提供付款记录及带有持卡人姓名的个人卡照片或银行对账单请提供
MN070604,07,临床研究-临床试验启动会,06,会议茶歇,04,现金支付,"“微信零钱”、""支付宝花呗”及“京东白条”支付，系统付款类型应选择“现金”非“个人卡”，需驳回修改",已为您系统驳回，请重新提交完成业务审批流程后@通知审核员,"“微信零钱”、""支付宝花呗”及“京东白条”支付，系统付款类型应选择“现金”非“个人卡”，需驳回修改已为您系统驳回，请重新提交完成业务审批流程后@通知审核员"
MN070651,07,临床研究-临床试验启动会,06,会议茶歇,51,会议权限_学术论坛,根据SOP规定，临床研究-临床研究启动会可举办的组织者岗位为临床研究专员、医学副经理及以上人员，您无权限举办此类型会议,请提供逐级审批至部门负责人的授权邮件并抄送合规,根据SOP规定，临床研究-临床研究启动会可举办的组织者岗位为临床研究专员、医学副经理及以上人员，您无权限举办此类型会议请提供逐级审批至部门负责人的授权邮件并抄送合规
MN070652,07,临床研究-临床试验启动会,06,会议茶歇,52,会议议程_变更,学会活动变更会议时间、会议地点需提供企业微信变更流程或变更审批邮件,请提供,学会活动变更会议时间、会议地点需提供企业微信变更流程或变更审批邮件请提供
MN070653,07,临床研究-临床试验启动会,06,会议茶歇,53,会议议程_不一致,会议议程内容与系统填报的实际会议情况不一致,请确认并提供更新的会议议程,会议议程内容与系统填报的实际会议情况不一致请确认并提供更新的会议议程
MN070654,07,临床研究-临床试验启动会,06,会议茶歇,54,会议议程_不完整,会议议程需包含会议日期、会议开展时间、会议地点、会议内容、演讲主题和演讲人,请补充提供,会议议程需包含会议日期、会议开展时间、会议地点、会议内容、演讲主题和演讲人请补充提供
MN070655,07,临床研究-临床试验启动会,06,会议茶歇,55,会议议程_时长不足,根据SOP规定，临床研究-临床研究启动会会议时长不超过1天,请确认,根据SOP规定，临床研究-临床研究启动会会议时长不超过1天请确认
MN070656,07,临床研究-临床试验启动会,06,会议茶歇,56,会议地点_不得跨区,根据SOP规定，会议地点仅限于研究中心内相关会议场所,请提供,根据SOP规定，会议地点仅限于研究中心内相关会议场所请提供
MN070657,07,临床研究-临床试验启动会,06,会议茶歇,57,会议地点_禁止景区,根据SOP规定，禁止在景区名胜或铺张奢侈的地点举办或参加会议,不符合要求不予报销,根据SOP规定，禁止在景区名胜或铺张奢侈的地点举办或参加会议不符合要求不予报销
MN070658,07,临床研究-临床试验启动会,06,会议茶歇,58,会议地点_禁止场所,根据SOP规定，禁止在水疗会所、温泉、度假、滑雪、高尔夫、赌博、邮轮、洗浴中心、KTV娱乐及以以上为主业的场所举办学术活动或进行业务招待活动,不符合要求不予报销,根据SOP规定，禁止在水疗会所、温泉、度假、滑雪、高尔夫、赌博、邮轮、洗浴中心、KTV娱乐及以以上为主业的场所举办学术活动或进行业务招待活动不符合要求不予报销
MN070659,07,临床研究-临床试验启动会,06,会议茶歇,59,会议签到_系统人数不一致,系统实际内外部参会人数与签到表不一致,请确认实际内外部参会人数，并解释说明,系统实际内外部参会人数与签到表不一致请确认实际内外部参会人数，并解释说明
MN070660,07,临床研究-临床试验启动会,06,会议茶歇,60,会议签到_整场未电子签到,根据SOP规定，整场会议未使用电子签到单需提供逐级审批至部门负责人的审批邮件,请提供,根据SOP规定，整场会议未使用电子签到单需提供逐级审批至部门负责人的审批邮件请提供
MN070661,07,临床研究-临床试验启动会,06,会议茶歇,61,会议签到_缺线下签到原件,根据SOP规定，线下签到单原件需邮寄至我司,请将原件邮寄至我司，邮寄后提供快递单号，如有特殊情况请告知,根据SOP规定，线下签到单原件需邮寄至我司请将原件邮寄至我司，邮寄后提供快递单号，如有特殊情况请告知
MN070662,07,临床研究-临床试验启动会,06,会议茶歇,62,会议签到_线下签到缺审批,根据SOP规定，线下签到表下方的“负责与会医疗专业人士的内部员工签字（确认以上签字及备注属实）”和“直线经理签字（确认以上签字及代表说明复核公司要求）”需相应负责人签字,将为您寄回线下签到表，请补充签字后原件寄回我司,根据SOP规定，线下签到表下方的“负责与会医疗专业人士的内部员工签字（确认以上签字及备注属实）”和“直线经理签字（确认以上签字及代表说明复核公司要求）”需相应负责人签字将为您寄回线下签到表，请补充签字后原件寄回我司
MN070663,07,临床研究-临床试验启动会,06,会议茶歇,63,会议人数_内部人数不符,根据SOP规定，临床研究-临床研究启动会内部参会者不可少于2人（包含会议组织者），内外比例不超过1:5,请确认实际内部参会人数,根据SOP规定，临床研究-临床研究启动会内部参会者不可少于2人（包含会议组织者），内外比例不超过1:5请确认实际内部参会人数
MN070664,07,临床研究-临床试验启动会,06,会议茶歇,64,会议人数_外部人数不符,根据SOP规定，临床研究-临床研究启动会外部参会者可为合作研究中心研究者、研究护士及参与研究等相关人员，人数不限，但内外比例不超过1:5,请确认实际外部参会人,根据SOP规定，临床研究-临床研究启动会外部参会者可为合作研究中心研究者、研究护士及参与研究等相关人员，人数不限，但内外比例不超过1:5请确认实际外部参会人
MN070665,07,临床研究-临床试验启动会,06,会议茶歇,65,报销范围_时效,根据SOP规定，原则上公司仅承担学术活动会议议程前后24小时内所产生的相关费用，例外事项需提供部门负责人及合规审计总监的共同批准,如需报销请提供特批,根据SOP规定，原则上公司仅承担学术活动会议议程前后24小时内所产生的相关费用，例外事项需提供部门负责人及合规审计总监的共同批准如需报销请提供特批
MN070666,07,临床研究-临床试验启动会,06,会议茶歇,66,报销范围_费用,根据SOP规定，临床研究-临床研究启动会可报销费用为餐费,额外费用不予报销已为您扣除,根据SOP规定，临床研究-临床研究启动会可报销费用为餐费额外费用不予报销已为您扣除
MN070901,07,临床研究-临床试验启动会,09,会议推广材料制作,01,个人卡支付,根据SOP规定，个人银行卡支付超过300元，需提供付款记录及带有持卡人姓名的个人卡照片或银行对账单,请提供,根据SOP规定，个人银行卡支付超过300元，需提供付款记录及带有持卡人姓名的个人卡照片或银行对账单请提供
MN070902,07,临床研究-临床试验启动会,09,会议推广材料制作,02,现金支付,"“微信零钱”、""支付宝花呗”及“京东白条”支付，系统付款类型应选择“现金”非“个人卡”，需驳回修改",已为您系统驳回，请重新提交完成业务审批流程后@通知审核员,"“微信零钱”、""支付宝花呗”及“京东白条”支付，系统付款类型应选择“现金”非“个人卡”，需驳回修改已为您系统驳回，请重新提交完成业务审批流程后@通知审核员"
MN070951,07,临床研究-临床试验启动会,09,会议推广材料制作,51,会议权限_学术论坛,根据SOP规定，临床研究-临床研究启动会可举办的组织者岗位为临床研究专员、医学副经理及以上人员，您无权限举办此类型会议,请提供逐级审批至部门负责人的授权邮件并抄送合规,根据SOP规定，临床研究-临床研究启动会可举办的组织者岗位为临床研究专员、医学副经理及以上人员，您无权限举办此类型会议请提供逐级审批至部门负责人的授权邮件并抄送合规
MN070952,07,临床研究-临床试验启动会,09,会议推广材料制作,52,会议议程_变更,学会活动变更会议时间、会议地点需提供企业微信变更流程或变更审批邮件,请提供,学会活动变更会议时间、会议地点需提供企业微信变更流程或变更审批邮件请提供
MN070953,07,临床研究-临床试验启动会,09,会议推广材料制作,53,会议议程_不一致,会议议程内容与系统填报的实际会议情况不一致,请确认并提供更新的会议议程,会议议程内容与系统填报的实际会议情况不一致请确认并提供更新的会议议程
MN070954,07,临床研究-临床试验启动会,09,会议推广材料制作,54,会议议程_不完整,会议议程需包含会议日期、会议开展时间、会议地点、会议内容、演讲主题和演讲人,请补充提供,会议议程需包含会议日期、会议开展时间、会议地点、会议内容、演讲主题和演讲人请补充提供
MN070955,07,临床研究-临床试验启动会,09,会议推广材料制作,55,会议议程_时长不足,根据SOP规定，临床研究-临床研究启动会会议时长不超过1天,请确认,根据SOP规定，临床研究-临床研究启动会会议时长不超过1天请确认
MN070956,07,临床研究-临床试验启动会,09,会议推广材料制作,56,会议地点_不得跨区,根据SOP规定，会议地点仅限于研究中心内相关会议场所,请提供,根据SOP规定，会议地点仅限于研究中心内相关会议场所请提供
MN070957,07,临床研究-临床试验启动会,09,会议推广材料制作,57,会议地点_禁止景区,根据SOP规定，禁止在景区名胜或铺张奢侈的地点举办或参加会议,不符合要求不予报销,根据SOP规定，禁止在景区名胜或铺张奢侈的地点举办或参加会议不符合要求不予报销
MN070958,07,临床研究-临床试验启动会,09,会议推广材料制作,58,会议地点_禁止场所,根据SOP规定，禁止在水疗会所、温泉、度假、滑雪、高尔夫、赌博、邮轮、洗浴中心、KTV娱乐及以以上为主业的场所举办学术活动或进行业务招待活动,不符合要求不予报销,根据SOP规定，禁止在水疗会所、温泉、度假、滑雪、高尔夫、赌博、邮轮、洗浴中心、KTV娱乐及以以上为主业的场所举办学术活动或进行业务招待活动不符合要求不予报销
MN070959,07,临床研究-临床试验启动会,09,会议推广材料制作,59,会议签到_系统人数不一致,系统实际内外部参会人数与签到表不一致,请确认实际内外部参会人数，并解释说明,系统实际内外部参会人数与签到表不一致请确认实际内外部参会人数，并解释说明
MN070960,07,临床研究-临床试验启动会,09,会议推广材料制作,60,会议签到_整场未电子签到,根据SOP规定，整场会议未使用电子签到单需提供逐级审批至部门负责人的审批邮件,请提供,根据SOP规定，整场会议未使用电子签到单需提供逐级审批至部门负责人的审批邮件请提供
MN070961,07,临床研究-临床试验启动会,09,会议推广材料制作,61,会议签到_缺线下签到原件,根据SOP规定，线下签到单原件需邮寄至我司,请将原件邮寄至我司，邮寄后提供快递单号，如有特殊情况请告知,根据SOP规定，线下签到单原件需邮寄至我司请将原件邮寄至我司，邮寄后提供快递单号，如有特殊情况请告知
MN070962,07,临床研究-临床试验启动会,09,会议推广材料制作,62,会议签到_线下签到缺审批,根据SOP规定，线下签到表下方的“负责与会医疗专业人士的内部员工签字（确认以上签字及备注属实）”和“直线经理签字（确认以上签字及代表说明复核公司要求）”需相应负责人签字,将为您寄回线下签到表，请补充签字后原件寄回我司,根据SOP规定，线下签到表下方的“负责与会医疗专业人士的内部员工签字（确认以上签字及备注属实）”和“直线经理签字（确认以上签字及代表说明复核公司要求）”需相应负责人签字将为您寄回线下签到表，请补充签字后原件寄回我司
MN070963,07,临床研究-临床试验启动会,09,会议推广材料制作,63,会议人数_内部人数不符,根据SOP规定，临床研究-临床研究启动会内部参会者不可少于2人（包含会议组织者），内外比例不超过1:5,请确认实际内部参会人数,根据SOP规定，临床研究-临床研究启动会内部参会者不可少于2人（包含会议组织者），内外比例不超过1:5请确认实际内部参会人数
MN070964,07,临床研究-临床试验启动会,09,会议推广材料制作,64,会议人数_外部人数不符,根据SOP规定，临床研究-临床研究启动会外部参会者可为合作研究中心研究者、研究护士及参与研究等相关人员，人数不限，但内外比例不超过1:5,请确认实际外部参会人,根据SOP规定，临床研究-临床研究启动会外部参会者可为合作研究中心研究者、研究护士及参与研究等相关人员，人数不限，但内外比例不超过1:5请确认实际外部参会人
MN070965,07,临床研究-临床试验启动会,09,会议推广材料制作,65,报销范围_时效,根据SOP规定，原则上公司仅承担学术活动会议议程前后24小时内所产生的相关费用，例外事项需提供部门负责人及合规审计总监的共同批准,如需报销请提供特批,根据SOP规定，原则上公司仅承担学术活动会议议程前后24小时内所产生的相关费用，例外事项需提供部门负责人及合规审计总监的共同批准如需报销请提供特批
MN070966,07,临床研究-临床试验启动会,09,会议推广材料制作,66,报销范围_费用,根据SOP规定，临床研究-临床研究启动会可报销费用为餐费,额外费用不予报销已为您扣除,根据SOP规定，临床研究-临床研究启动会可报销费用为餐费额外费用不予报销已为您扣除
MN071101,07,临床研究-临床试验启动会,11,会议杂项开支,01,个人卡支付,根据SOP规定，个人银行卡支付超过300元，需提供付款记录及带有持卡人姓名的个人卡照片或银行对账单,请提供,根据SOP规定，个人银行卡支付超过300元，需提供付款记录及带有持卡人姓名的个人卡照片或银行对账单请提供
MN071102,07,临床研究-临床试验启动会,11,会议杂项开支,02,现金支付,"“微信零钱”、""支付宝花呗”及“京东白条”支付，系统付款类型应选择“现金”非“个人卡”，需驳回修改",已为您系统驳回，请重新提交完成业务审批流程后@通知审核员,"“微信零钱”、""支付宝花呗”及“京东白条”支付，系统付款类型应选择“现金”非“个人卡”，需驳回修改已为您系统驳回，请重新提交完成业务审批流程后@通知审核员"
MN071151,07,临床研究-临床试验启动会,11,会议杂项开支,51,会议权限_学术论坛,根据SOP规定，临床研究-临床研究启动会可举办的组织者岗位为临床研究专员、医学副经理及以上人员，您无权限举办此类型会议,请提供逐级审批至部门负责人的授权邮件并抄送合规,根据SOP规定，临床研究-临床研究启动会可举办的组织者岗位为临床研究专员、医学副经理及以上人员，您无权限举办此类型会议请提供逐级审批至部门负责人的授权邮件并抄送合规
MN071152,07,临床研究-临床试验启动会,11,会议杂项开支,52,会议议程_变更,学会活动变更会议时间、会议地点需提供企业微信变更流程或变更审批邮件,请提供,学会活动变更会议时间、会议地点需提供企业微信变更流程或变更审批邮件请提供
MN071153,07,临床研究-临床试验启动会,11,会议杂项开支,53,会议议程_不一致,会议议程内容与系统填报的实际会议情况不一致,请确认并提供更新的会议议程,会议议程内容与系统填报的实际会议情况不一致请确认并提供更新的会议议程
MN071154,07,临床研究-临床试验启动会,11,会议杂项开支,54,会议议程_不完整,会议议程需包含会议日期、会议开展时间、会议地点、会议内容、演讲主题和演讲人,请补充提供,会议议程需包含会议日期、会议开展时间、会议地点、会议内容、演讲主题和演讲人请补充提供
MN071155,07,临床研究-临床试验启动会,11,会议杂项开支,55,会议议程_时长不足,根据SOP规定，临床研究-临床研究启动会会议时长不超过1天,请确认,根据SOP规定，临床研究-临床研究启动会会议时长不超过1天请确认
MN071156,07,临床研究-临床试验启动会,11,会议杂项开支,56,会议地点_不得跨区,根据SOP规定，会议地点仅限于研究中心内相关会议场所,请提供,根据SOP规定，会议地点仅限于研究中心内相关会议场所请提供
MN071157,07,临床研究-临床试验启动会,11,会议杂项开支,57,会议地点_禁止景区,根据SOP规定，禁止在景区名胜或铺张奢侈的地点举办或参加会议,不符合要求不予报销,根据SOP规定，禁止在景区名胜或铺张奢侈的地点举办或参加会议不符合要求不予报销
MN071158,07,临床研究-临床试验启动会,11,会议杂项开支,58,会议地点_禁止场所,根据SOP规定，禁止在水疗会所、温泉、度假、滑雪、高尔夫、赌博、邮轮、洗浴中心、KTV娱乐及以以上为主业的场所举办学术活动或进行业务招待活动,不符合要求不予报销,根据SOP规定，禁止在水疗会所、温泉、度假、滑雪、高尔夫、赌博、邮轮、洗浴中心、KTV娱乐及以以上为主业的场所举办学术活动或进行业务招待活动不符合要求不予报销
MN071159,07,临床研究-临床试验启动会,11,会议杂项开支,59,会议签到_系统人数不一致,系统实际内外部参会人数与签到表不一致,请确认实际内外部参会人数，并解释说明,系统实际内外部参会人数与签到表不一致请确认实际内外部参会人数，并解释说明
MN071160,07,临床研究-临床试验启动会,11,会议杂项开支,60,会议签到_整场未电子签到,根据SOP规定，整场会议未使用电子签到单需提供逐级审批至部门负责人的审批邮件,请提供,根据SOP规定，整场会议未使用电子签到单需提供逐级审批至部门负责人的审批邮件请提供
MN071161,07,临床研究-临床试验启动会,11,会议杂项开支,61,会议签到_缺线下签到原件,根据SOP规定，线下签到单原件需邮寄至我司,请将原件邮寄至我司，邮寄后提供快递单号，如有特殊情况请告知,根据SOP规定，线下签到单原件需邮寄至我司请将原件邮寄至我司，邮寄后提供快递单号，如有特殊情况请告知
MN071162,07,临床研究-临床试验启动会,11,会议杂项开支,62,会议签到_线下签到缺审批,根据SOP规定，线下签到表下方的“负责与会医疗专业人士的内部员工签字（确认以上签字及备注属实）”和“直线经理签字（确认以上签字及代表说明复核公司要求）”需相应负责人签字,将为您寄回线下签到表，请补充签字后原件寄回我司,根据SOP规定，线下签到表下方的“负责与会医疗专业人士的内部员工签字（确认以上签字及备注属实）”和“直线经理签字（确认以上签字及代表说明复核公司要求）”需相应负责人签字将为您寄回线下签到表，请补充签字后原件寄回我司
MN071163,07,临床研究-临床试验启动会,11,会议杂项开支,63,会议人数_内部人数不符,根据SOP规定，临床研究-临床研究启动会内部参会者不可少于2人（包含会议组织者），内外比例不超过1:5,请确认实际内部参会人数,根据SOP规定，临床研究-临床研究启动会内部参会者不可少于2人（包含会议组织者），内外比例不超过1:5请确认实际内部参会人数
MN071164,07,临床研究-临床试验启动会,11,会议杂项开支,64,会议人数_外部人数不符,根据SOP规定，临床研究-临床研究启动会外部参会者可为合作研究中心研究者、研究护士及参与研究等相关人员，人数不限，但内外比例不超过1:5,请确认实际外部参会人,根据SOP规定，临床研究-临床研究启动会外部参会者可为合作研究中心研究者、研究护士及参与研究等相关人员，人数不限，但内外比例不超过1:5请确认实际外部参会人
MN071165,07,临床研究-临床试验启动会,11,会议杂项开支,65,报销范围_时效,根据SOP规定，原则上公司仅承担学术活动会议议程前后24小时内所产生的相关费用，例外事项需提供部门负责人及合规审计总监的共同批准,如需报销请提供特批,根据SOP规定，原则上公司仅承担学术活动会议议程前后24小时内所产生的相关费用，例外事项需提供部门负责人及合规审计总监的共同批准如需报销请提供特批
MN071166,07,临床研究-临床试验启动会,11,会议杂项开支,66,报销范围_费用,根据SOP规定，临床研究-临床研究启动会可报销费用为餐费,额外费用不予报销已为您扣除,根据SOP规定，临床研究-临床研究启动会可报销费用为餐费额外费用不予报销已为您扣除
MN081201,08,专家咨询会,12,专家咨询费,01,非讲者库讲者,根据SOP规定，报销咨询费的讲者必须是讲者库中的讲者，且不能在会议结束后特批补入库,不符合要求不予支付讲课费,根据SOP规定，报销咨询费的讲者必须是讲者库中的讲者，且不能在会议结束后特批补入库不符合要求不予支付讲课费
MN081202,08,专家咨询会,12,专家咨询费,02,业务约定书不完整,根据SOP规定，咨询服务协议需完整正确的填写，并由HCP签字后将完整原件邮寄至我司,请提供,根据SOP规定，咨询服务协议需完整正确的填写，并由HCP签字后将完整原件邮寄至我司请提供
MN081203,08,专家咨询会,12,专家咨询费,03,讲者人数超标,根据SOP规定，支付咨询费的人数不应超过2人,请确认，并告知需扣除讲课费的HCP姓名,根据SOP规定，支付咨询费的人数不应超过2人请确认，并告知需扣除讲课费的HCP姓名
MN081206,08,专家咨询会,12,专家咨询费,06,演讲时长不达标,根据SOP规定，专家咨询会每名专家咨询时长需≥30分钟，且至少讨论6个问题,不符合要求不予支付讲课费,根据SOP规定，专家咨询会每名专家咨询时长需≥30分钟，且至少讨论6个问题不符合要求不予支付讲课费
MN081210,08,专家咨询会,12,专家咨询费,10,专家咨询记录,根据SOP规定，专家咨询会需提供专家签字紫安琪的咨询记录,请提供,根据SOP规定，专家咨询会需提供专家签字紫安琪的咨询记录请提供
MN081251,08,专家咨询会,12,专家咨询费,51,会议权限_学术论坛,根据SOP规定，专家咨询会可举办的组织者岗位为临床运营部门副经理及以上人员、临床研究专员、医学副经理及以上人员、临床科学经理及以上人员，您无权限举办此类型会议,请提供逐级审批至部门负责人的授权邮件并抄送合规,根据SOP规定，专家咨询会可举办的组织者岗位为临床运营部门副经理及以上人员、临床研究专员、医学副经理及以上人员、临床科学经理及以上人员，您无权限举办此类型会议请提供逐级审批至部门负责人的授权邮件并抄送合规
MN081252,08,专家咨询会,12,专家咨询费,52,会议议程_变更,学会活动变更会议时间、会议地点需提供企业微信变更流程或变更审批邮件,请提供,学会活动变更会议时间、会议地点需提供企业微信变更流程或变更审批邮件请提供
MN081253,08,专家咨询会,12,专家咨询费,53,会议议程_不一致,会议议程内容与系统填报的实际会议情况不一致,请确认并提供更新的会议议程,会议议程内容与系统填报的实际会议情况不一致请确认并提供更新的会议议程
MN081254,08,专家咨询会,12,专家咨询费,54,会议议程_不完整,会议议程需包含会议日期、会议开展时间、会议地点、会议内容、演讲主题和演讲人,请补充提供,会议议程需包含会议日期、会议开展时间、会议地点、会议内容、演讲主题和演讲人请补充提供
MN081255,08,专家咨询会,12,专家咨询费,55,会议议程_时长不足,根据SOP规定，专家咨询会会议时长需≥ 30分钟且至少讨论6个问题,请确认,根据SOP规定，专家咨询会会议时长需≥ 30分钟且至少讨论6个问题请确认
MN081256,08,专家咨询会,12,专家咨询费,56,会议地点_不得跨区,根据SOP规定，会议地点仅限于研究中心内相关会议场所,请提供,根据SOP规定，会议地点仅限于研究中心内相关会议场所请提供
MN081257,08,专家咨询会,12,专家咨询费,57,会议地点_禁止景区,根据SOP规定，禁止在景区名胜或铺张奢侈的地点举办或参加会议,不符合要求不予报销,根据SOP规定，禁止在景区名胜或铺张奢侈的地点举办或参加会议不符合要求不予报销
MN081258,08,专家咨询会,12,专家咨询费,58,会议地点_禁止场所,根据SOP规定，禁止在水疗会所、温泉、度假、滑雪、高尔夫、赌博、邮轮、洗浴中心、KTV娱乐及以以上为主业的场所举办学术活动或进行业务招待活动,不符合要求不予报销,根据SOP规定，禁止在水疗会所、温泉、度假、滑雪、高尔夫、赌博、邮轮、洗浴中心、KTV娱乐及以以上为主业的场所举办学术活动或进行业务招待活动不符合要求不予报销
MN081259,08,专家咨询会,12,专家咨询费,59,会议签到_系统人数不一致,系统实际内外部参会人数与签到表不一致,请确认实际内外部参会人数，并解释说明,系统实际内外部参会人数与签到表不一致请确认实际内外部参会人数，并解释说明
MN081260,08,专家咨询会,12,专家咨询费,60,会议签到_整场未电子签到,根据SOP规定，整场会议未使用电子签到单需提供逐级审批至部门负责人的审批邮件,请提供,根据SOP规定，整场会议未使用电子签到单需提供逐级审批至部门负责人的审批邮件请提供
MN081261,08,专家咨询会,12,专家咨询费,61,会议签到_缺线下签到原件,根据SOP规定，线下签到单原件需邮寄至我司,请将原件邮寄至我司，邮寄后提供快递单号,根据SOP规定，线下签到单原件需邮寄至我司请将原件邮寄至我司，邮寄后提供快递单号
MN081262,08,专家咨询会,12,专家咨询费,62,会议签到_线下签到缺审批,根据SOP规定，线下签到表下方的“负责与会医疗专业人士的内部员工签字（确认以上签字及备注属实）”和“直线经理签字（确认以上签字及代表说明复核公司要求）”需相应负责人签字,将为您寄回线下签到表，请补充签字后原件寄回我司,根据SOP规定，线下签到表下方的“负责与会医疗专业人士的内部员工签字（确认以上签字及备注属实）”和“直线经理签字（确认以上签字及代表说明复核公司要求）”需相应负责人签字将为您寄回线下签到表，请补充签字后原件寄回我司
MN081263,08,专家咨询会,12,专家咨询费,63,会议照片_缺水印,根据SOP规定，会议照片需使用水印相机拍摄活动现场照片，并注明活动时间、活动地点、活动主题,请补充提供，如不符合要求将不予报销,根据SOP规定，会议照片需使用水印相机拍摄活动现场照片，并注明活动时间、活动地点、活动主题请补充提供，如不符合要求将不予报销
MN081264,08,专家咨询会,12,专家咨询费,64,会议照片_缺会议主题,根据SOP规定，专家咨询会不少于3张现场照片，要求能够体现出内外部参会者及咨询主题,请补充提供，如不符合要求将不予报销,根据SOP规定，专家咨询会不少于3张现场照片，要求能够体现出内外部参会者及咨询主题请补充提供，如不符合要求将不予报销
MN081265,08,专家咨询会,12,专家咨询费,65,会议照片_缺付费讲者,根据SOP规定，专家咨询会不少于3张现场照片，要求能够体现出内外部参会者及咨询主题,请补充提供，如不符合要求将不予报销,根据SOP规定，专家咨询会不少于3张现场照片，要求能够体现出内外部参会者及咨询主题请补充提供，如不符合要求将不予报销
MN081266,08,专家咨询会,12,专家咨询费,66,会议照片_水印与议程不一致,根据SOP规定，会议照片水印所反映拍摄时间与会议议程相一致,请补充提供，如不符合要求将不予报销,根据SOP规定，会议照片水印所反映拍摄时间与会议议程相一致请补充提供，如不符合要求将不予报销
MN081267,08,专家咨询会,12,专家咨询费,67,会议照片_人数标准不符,根据SOP规定，专家咨询会会议照片需显示50%及以上参会人员（内+外）,请补充提供，如不符合要求将不予报销,根据SOP规定，专家咨询会会议照片需显示50%及以上参会人员（内+外）请补充提供，如不符合要求将不予报销
MN081268,08,专家咨询会,12,专家咨询费,68,会议人数_内部人数不符,根据SOP规定，专家咨询会内部参会者不可少于2人（包含会议组织者）,请确认实际内部参会人数,根据SOP规定，专家咨询会内部参会者不可少于2人（包含会议组织者）请确认实际内部参会人数
MN081269,08,专家咨询会,12,专家咨询费,69,会议人数_外部参会人,根据SOP规定，专家咨询会外部外部参会者人数不超过2人，仅限限全国级和区域级HCP,请确认实际外部参会人数,根据SOP规定，专家咨询会外部外部参会者人数不超过2人，仅限限全国级和区域级HCP请确认实际外部参会人数
MN081270,08,专家咨询会,12,专家咨询费,70,报销范围_时效,根据SOP规定，原则上公司仅承担学术活动会议议程前后24小时内所产生的相关费用，例外事项需提供部门负责人及合规审计总监的共同批准,如需报销请提供特批,根据SOP规定，原则上公司仅承担学术活动会议议程前后24小时内所产生的相关费用，例外事项需提供部门负责人及合规审计总监的共同批准如需报销请提供特批
MN081271,08,专家咨询会,12,专家咨询费,71,报销范围_费用,根据SOP规定，专家咨询会可报销费用有咨询费、餐饮、住宿、场租、交通,额外费用不予报销已为您扣除,根据SOP规定，专家咨询会可报销费用有咨询费、餐饮、住宿、场租、交通额外费用不予报销已为您扣除